-- Generation time: Mon, 24 Feb 2020 16:39:14 +0000
-- Host: mysql.hostinger.ro
-- DB name: u574849695_25
/*!40030 SET NAMES UTF8 */;
/*!40101 SET @OLD_CHARACTER_SET_CLIENT=@@CHARACTER_SET_CLIENT */;
/*!40101 SET @OLD_CHARACTER_SET_RESULTS=@@CHARACTER_SET_RESULTS */;
/*!40101 SET @OLD_COLLATION_CONNECTION=@@COLLATION_CONNECTION */;
/*!40103 SET @OLD_TIME_ZONE=@@TIME_ZONE */;
/*!40103 SET TIME_ZONE='+00:00' */;
/*!40014 SET @OLD_UNIQUE_CHECKS=@@UNIQUE_CHECKS, UNIQUE_CHECKS=0 */;
/*!40014 SET @OLD_FOREIGN_KEY_CHECKS=@@FOREIGN_KEY_CHECKS, FOREIGN_KEY_CHECKS=0 */;
/*!40101 SET @OLD_SQL_MODE=@@SQL_MODE, SQL_MODE='NO_AUTO_VALUE_ON_ZERO' */;
/*!40111 SET @OLD_SQL_NOTES=@@SQL_NOTES, SQL_NOTES=0 */;

DROP TABLE IF EXISTS `advert`;
CREATE TABLE `advert` (
  `id` bigint(20) unsigned NOT NULL AUTO_INCREMENT,
  `vehicle_id` bigint(20) unsigned NOT NULL,
  `name` varchar(255) COLLATE utf8_unicode_ci DEFAULT NULL,
  `body` text COLLATE utf8_unicode_ci DEFAULT NULL,
  `created_at` datetime DEFAULT current_timestamp(),
  `updated_at` datetime DEFAULT current_timestamp() ON UPDATE current_timestamp(),
  PRIMARY KEY (`id`),
  KEY `advert_name_idx` (`name`),
  KEY `advert_created_at_idx` (`created_at`),
  KEY `advert_updated_at_idx` (`updated_at`),
  KEY `vehicle_id` (`vehicle_id`),
  CONSTRAINT `advert_ibfk_1` FOREIGN KEY (`vehicle_id`) REFERENCES `vehicle` (`id`)
) ENGINE=InnoDB AUTO_INCREMENT=101 DEFAULT CHARSET=utf8 COLLATE=utf8_unicode_ci COMMENT='Объявление';

INSERT INTO `advert` VALUES ('1','1','laboriosam','Excepturi dolore adipisci ducimus ducimus. Commodi quia iure aperiam eius. In sapiente quod quos deserunt.','2000-04-03 01:50:19','1970-04-09 00:06:22'),
('2','2','quia','Est debitis delectus placeat aspernatur voluptatibus. Molestiae qui doloribus et aut. Fugit hic sit tempore repellat ipsa voluptatem impedit. Molestias ea quia quo magni.','1975-10-06 19:22:15','1993-02-11 16:21:45'),
('3','3','quae','Inventore consectetur est deleniti sunt possimus est sit. Quas a omnis facilis voluptatem. Est deserunt magni nisi qui consequatur quis nesciunt. Sed omnis occaecati sequi aut dicta.','1999-04-17 23:02:09','1993-12-21 13:37:55'),
('4','4','eius','Nemo aut dolor harum repellendus ut esse saepe. Ut cupiditate qui velit id. Sit beatae non optio sit. Quibusdam architecto aliquam repudiandae debitis perspiciatis.','1990-08-30 00:50:34','2003-07-02 12:39:26'),
('5','5','quo','Praesentium aut deserunt asperiores aperiam quibusdam cumque culpa. Consectetur magni aliquid earum similique esse illo. Odio qui mollitia consequuntur deleniti. Eum earum eius deserunt exercitationem eos exercitationem debitis.','2001-05-06 03:53:31','1989-01-04 08:26:04'),
('6','6','autem','Id et qui illum unde magnam ut. Saepe est ab delectus. Maiores eos dolores itaque doloribus et. Reiciendis dolorem aspernatur sit laboriosam veritatis.','1995-07-04 13:47:09','1982-10-25 00:19:19'),
('7','7','deserunt','Et unde ad doloribus sit qui et. Aliquid quo tempora nihil voluptatem unde repudiandae animi. Nihil aspernatur numquam repellat sunt sit.','1989-01-26 00:46:02','1991-12-14 14:40:22'),
('8','8','est','Natus nemo laboriosam maiores nobis nam earum. Et ex eaque quia nulla eligendi.','2016-10-11 18:46:49','1988-01-14 02:00:59'),
('9','9','numquam','Incidunt laudantium in molestias nihil. Tempora aperiam unde et enim enim qui fugiat. Et sit id pariatur aliquid. Harum dignissimos ipsa ullam beatae.','1976-05-22 02:18:11','1991-07-02 19:36:14'),
('10','10','et','Omnis quam possimus quis iusto et voluptas nihil. Eveniet quia omnis et dolorum id dolor. Ipsa et sunt nemo culpa soluta et nam.','2004-04-08 19:09:49','1999-03-26 05:11:54'),
('11','11','expedita','Animi sint soluta harum eos voluptatem esse voluptatem. Sed tenetur molestiae ipsam ut. Alias ad voluptatem error sint vel et ut. Molestiae molestiae iusto laboriosam.','1996-06-04 16:21:37','1991-03-17 20:45:28'),
('12','12','eveniet','Ut tempore atque ducimus possimus. Provident culpa eius vel sint optio mollitia. Omnis atque mollitia iste beatae aut. Dolore adipisci exercitationem aliquid possimus sed expedita.','1982-05-28 02:10:33','1977-11-10 18:56:54'),
('13','13','quis','Esse vel pariatur eum iste nisi doloribus. Ullam laborum quae quibusdam. Accusantium qui explicabo harum est tenetur consectetur.','1989-07-27 02:40:57','2012-06-06 10:14:14'),
('14','14','eos','Dignissimos voluptas ratione qui sequi. Et ut distinctio impedit praesentium vel reiciendis sequi.','1996-12-31 01:41:19','1997-10-23 08:47:07'),
('15','15','sit','Ipsam repudiandae dolores numquam consectetur veniam ut ipsum. Architecto quia eum quia et enim quod natus. Velit non nihil quos optio consequatur facere maxime. Occaecati sapiente laboriosam odit totam alias natus. Provident dolorum nam unde quia.','2017-05-17 16:20:26','1986-06-28 15:56:07'),
('16','16','blanditiis','Quis at error officia dolorem consequatur qui incidunt. Quo quaerat voluptatem eveniet consequuntur eos rerum.','1971-05-28 00:54:22','1997-11-29 15:46:40'),
('17','17','est','Voluptas et mollitia ratione voluptatem hic. Illum voluptas consectetur nostrum qui consequatur. Voluptas odit et praesentium veritatis.','2000-04-27 10:31:46','2003-11-19 04:38:57'),
('18','18','voluptates','Perspiciatis voluptatem ducimus ut veniam et delectus. Eligendi totam velit impedit natus accusamus soluta quod. Vel nihil est at inventore voluptatem iste unde.','2015-07-30 01:25:53','1997-04-01 09:09:47'),
('19','19','soluta','Est consequatur et quia quo aut ipsam. Praesentium commodi fugiat placeat id fugiat et. Repellat iusto ea ut delectus libero rerum aspernatur.','2001-11-07 00:52:33','1997-07-23 22:19:04'),
('20','20','debitis','Et et quia sed similique. Nesciunt veniam qui possimus odio assumenda. Animi repellat vitae dolores rerum. Soluta quisquam voluptas autem neque fugiat. Cumque dolores vel aut voluptatem ut libero voluptatem aut.','1984-03-29 01:21:21','1975-05-05 15:53:24'),
('21','21','harum','Sunt vel quis quos. Pariatur sed sint totam.','2001-02-08 04:37:15','1974-11-28 07:58:08'),
('22','22','est','Voluptas temporibus esse deleniti incidunt qui. Omnis velit excepturi est fugiat deleniti libero et. Provident assumenda voluptatem at voluptatem voluptatem rem consectetur.','1981-11-05 13:32:21','2019-12-05 14:56:33'),
('23','23','deleniti','Soluta placeat non magnam voluptatem est ut ut. Inventore pariatur molestiae illo adipisci. Dolorem dignissimos quas vel. Dolores atque soluta officiis dolores repellendus vero voluptatibus. Autem est reprehenderit deserunt rerum dolor ratione.','1980-03-18 13:46:36','1973-09-03 23:26:27'),
('24','24','cupiditate','Voluptatum voluptate sunt dolor. Sit sed aut quia rem voluptas sunt odio. Aliquid ea quae animi at odit quo. Quia dignissimos nobis ex quis sint iure.','2012-08-15 01:27:08','2018-09-12 20:41:15'),
('25','25','dicta','Maxime sit iure aut tenetur. Facere quia animi est beatae. Autem labore omnis recusandae hic placeat cumque vitae.','1980-03-14 08:39:40','2000-01-26 22:39:48'),
('26','26','nostrum','Eligendi commodi harum praesentium dolorum ad dolor. Voluptatem consequatur dolorem et. Voluptatem placeat est cumque consequuntur praesentium. Qui non tempora magnam.','1991-06-09 00:07:39','1994-05-08 20:35:31'),
('27','27','culpa','Aliquid est nobis illo ipsa. Nisi molestias recusandae nesciunt. Velit praesentium nisi blanditiis beatae illo tempore tempore. Itaque porro nam id quisquam dolores.','1984-08-27 17:51:09','1976-06-20 01:07:17'),
('28','28','et','Tempore amet atque dolorem quo eos quidem iste. Doloremque ut at non libero sit sunt voluptatibus. Omnis pariatur voluptas sit aut eius laudantium in aut.','1990-07-11 12:06:06','1989-06-26 08:52:07'),
('29','29','saepe','Laborum architecto maxime reiciendis in blanditiis occaecati. Unde magni iste optio nam qui non et. Tempore reiciendis qui culpa amet est beatae. Commodi nisi omnis aliquam possimus.','1976-05-05 13:45:57','1976-06-23 16:32:18'),
('30','30','omnis','Explicabo excepturi doloremque exercitationem est odit voluptates quia. Dolorum sunt incidunt id illum est omnis ut corporis. Earum eum quaerat corrupti modi quis itaque. Ullam totam quos quaerat similique numquam illum impedit.','2015-09-21 22:42:33','1987-12-01 13:45:10'),
('31','31','vero','Hic quam asperiores dolorum ipsum. Doloremque adipisci quibusdam tenetur vero enim. Officiis et dolorum illum nemo cumque ea eveniet. Voluptatem et cum est aut architecto. Asperiores qui quia earum.','1971-08-15 07:37:32','1982-06-29 14:20:40'),
('32','32','atque','Et alias sunt architecto est placeat ratione nobis. Blanditiis harum debitis quia maxime quas ducimus ut harum. Provident et aut quia at voluptas reprehenderit animi. Quae cumque et iure cum expedita.','1994-08-15 23:29:27','1975-08-21 10:27:57'),
('33','33','qui','Et hic doloribus eos laborum. Sed quasi quia ullam. Quam ut consequatur harum eligendi distinctio. Qui et est omnis quo rerum consequatur dicta. Quae quo amet dolores consequuntur mollitia placeat praesentium.','1971-07-09 09:52:05','2017-07-25 14:01:11'),
('34','34','inventore','Reiciendis veritatis sit soluta saepe dignissimos tenetur quo hic. Qui eos eum iusto repudiandae aperiam enim. Facilis tempore consequuntur consequatur occaecati voluptate et quos.','2005-12-05 17:31:02','2009-05-05 11:40:35'),
('35','35','omnis','Enim id officiis fuga labore aspernatur. Non et beatae quasi voluptas excepturi.','1996-11-13 16:22:49','2019-11-23 09:32:11'),
('36','36','quasi','Nemo inventore et cupiditate qui et. Omnis illo aspernatur iste harum sit quaerat. Voluptas aspernatur asperiores ab qui ad et blanditiis officia. Voluptatibus similique sunt velit dolor.','1998-01-15 20:56:30','1986-08-18 18:32:51'),
('37','37','magni','Reprehenderit vel saepe sed occaecati doloribus enim nemo voluptas. Aspernatur explicabo quisquam facilis dolorem nobis beatae unde ut. Deserunt nihil autem et sequi quisquam quaerat ut. Similique quia et fuga sunt quasi enim.','1981-07-17 18:47:10','1982-02-08 00:03:34'),
('38','38','voluptatibus','Iste at rerum voluptatem. Aliquam vitae et qui architecto ex quaerat id. Qui assumenda ut reprehenderit. Rem minus non corrupti aut labore.','2014-10-13 13:00:10','1993-03-30 14:48:25'),
('39','39','nostrum','Consequatur quia impedit eum doloribus qui. Eius soluta corporis in pariatur ut.','1998-09-13 08:18:49','1999-03-02 19:22:44'),
('40','40','sequi','Sint explicabo ut eum doloribus explicabo quia in. Et unde in voluptates aperiam autem. Aperiam maxime adipisci deserunt sed possimus nihil. Corporis quia sequi soluta cumque.','2000-04-14 23:36:01','2015-07-12 06:56:15'),
('41','41','consequatur','Nisi explicabo asperiores corrupti ea non fuga. Nostrum rerum suscipit nihil. Sint itaque enim velit in quo asperiores et. Fuga ipsa quisquam vel non tempora ut aut.','2000-04-13 11:24:34','1979-01-15 09:55:35'),
('42','42','explicabo','Placeat et tenetur quasi molestiae expedita hic eius quae. Perferendis ut inventore nesciunt id omnis maxime deserunt. Nemo et aut id repellat aut rerum ut. Magni velit quia natus possimus minus esse reprehenderit. Et qui architecto sint delectus occaecati nisi eos.','2004-11-20 22:22:43','2005-09-18 13:59:19'),
('43','43','perferendis','Et recusandae assumenda in. Consequatur quis sequi laudantium. Quae labore ipsa consequatur voluptatem ea quo. Officiis et omnis esse rerum recusandae et dolores praesentium.','1993-10-22 15:45:27','2000-06-26 10:43:49'),
('44','44','quia','Sit voluptatem vitae eaque iure dolore. Dolore magnam necessitatibus aut officiis nesciunt sed aut. Recusandae voluptas voluptatem ullam.','1986-04-13 05:17:13','2013-11-22 00:14:01'),
('45','45','sit','Odit blanditiis sint enim perferendis. Ratione exercitationem sit perspiciatis odit saepe sunt. Rerum dicta quia dicta.','1979-03-19 05:36:51','1991-01-21 16:55:57'),
('46','46','qui','Sint labore dolor amet cupiditate et iste. Esse qui aut esse voluptates. Quia numquam velit fugiat et tenetur et amet. Aliquid molestiae ex rerum in aut nobis. Fugiat laborum qui mollitia et accusantium quibusdam doloribus.','1990-06-30 14:56:22','2003-04-06 20:06:36'),
('47','47','ut','Fugit consectetur et qui. Natus odio sed et cupiditate maiores quam corrupti. Molestias deserunt laborum voluptatem blanditiis laudantium. Veniam et sapiente non consequuntur in laboriosam.','1990-07-31 13:00:00','2000-02-29 01:39:56'),
('48','48','quia','Harum omnis et blanditiis non. Doloribus consequatur error quos hic sed mollitia.','2008-06-30 02:15:48','1979-01-01 11:25:22'),
('49','49','nesciunt','Voluptas iure sint quae et nobis. Pariatur saepe ut enim impedit voluptatem corrupti dolores libero. Magni quo beatae maxime delectus magnam odio.','1996-01-29 23:41:58','1996-09-24 19:18:38'),
('50','50','libero','Hic voluptatem fuga non ipsa. Dolor ducimus labore dolore dignissimos labore corrupti aut non. Nostrum et modi saepe nobis.','1994-01-17 17:59:00','2009-07-13 13:20:55'),
('51','51','ut','Sit maiores deserunt repellendus consequatur voluptas. Voluptas amet necessitatibus maxime suscipit minus ipsam. Ullam distinctio vel ut asperiores quia dolore mollitia.','1998-04-06 19:57:13','1999-04-29 20:53:08'),
('52','52','molestiae','Et praesentium consectetur omnis ipsum qui et. Et quibusdam rem dolores itaque quia eaque magni. Quia quia perspiciatis aut totam.','1983-09-03 03:42:00','2000-05-15 06:13:14'),
('53','53','est','Facere sint placeat doloremque. Quas enim soluta aliquam et vel autem voluptatem. Fuga possimus non minima id consequatur velit earum corrupti. Occaecati quisquam voluptas nisi omnis.','2002-09-20 15:25:22','2016-06-26 15:00:23'),
('54','54','voluptatem','Aut praesentium est expedita et omnis qui perferendis. Qui facere beatae eaque laudantium dignissimos qui quis occaecati. Corrupti quasi cumque aut. Aut dignissimos aut autem aut distinctio.','2001-02-01 07:24:46','2010-07-09 20:36:50'),
('55','55','tenetur','Ut quo eum in labore iste vel. Optio provident et est quos quos. Sapiente natus voluptatem aut modi ut temporibus in. Sunt dolorem vel velit molestiae.','2001-11-18 13:49:31','1976-08-28 17:30:02'),
('56','56','placeat','Eos autem sapiente odio reiciendis. Velit sunt qui est accusamus corrupti nesciunt excepturi.','1972-04-27 15:19:42','2015-11-30 02:20:55'),
('57','57','harum','Quod non debitis tenetur quia suscipit. Ea culpa sit est vel laborum. Aut eaque qui maiores quam incidunt.','2018-05-26 13:23:21','1984-08-14 05:27:37'),
('58','58','fuga','Ut est et ipsum incidunt illum quod. Aliquid facilis modi est dolores temporibus aspernatur. Sint harum cumque dolores sapiente consequatur. Quia assumenda sunt perspiciatis qui beatae.','1994-06-30 02:35:49','1978-06-30 13:25:37'),
('59','59','aut','Ipsam omnis natus officiis. Qui in iure ipsa harum aut aut. Omnis non eligendi totam nihil velit.','2005-05-24 07:44:15','1978-10-05 16:23:36'),
('60','60','ipsa','Et ut natus nemo voluptatem. Necessitatibus non enim sed sed fugit enim. Quia tempora quaerat deleniti odit adipisci vel. Fugiat sed sit voluptas sed ut molestiae perspiciatis. Laudantium minima magni ratione harum natus non ab.','1995-01-12 19:33:37','1972-08-25 17:10:35'),
('61','61','ut','Sunt soluta deleniti vitae assumenda. Sunt ullam voluptatibus nihil doloribus eius ratione. Facilis totam nobis quas quo sit.','2002-06-16 05:02:03','1988-02-01 12:22:05'),
('62','62','est','Rem ut sunt et ex consectetur quaerat nesciunt. Omnis dolor cum recusandae omnis consequatur. Sed aut necessitatibus ratione aut id.','2005-01-02 12:27:10','1973-02-27 21:04:33'),
('63','63','praesentium','Qui nam sapiente earum architecto et. Quibusdam provident rem aliquam. Voluptas blanditiis consequuntur eos distinctio quaerat rem odio. Autem hic harum et corporis est.','1991-06-29 16:17:36','1980-06-29 10:24:48'),
('64','64','tenetur','Nam vel consequatur impedit sed. Laborum aut aut maxime est et. Rem animi non sint velit.','2011-05-09 09:05:15','1998-06-18 18:34:59'),
('65','65','quos','Qui qui animi nisi nostrum est et id porro. Aut et ut et unde. Et voluptas qui qui accusamus tenetur.','2011-03-08 03:27:06','2018-08-12 10:04:17'),
('66','66','voluptatem','Dolores maxime eius fugit. Occaecati unde dolor voluptatibus ducimus adipisci veritatis. Aut non temporibus accusamus dignissimos autem.','2001-10-26 13:11:28','2001-04-01 17:40:43'),
('67','67','aperiam','Optio qui pariatur sint quia harum delectus saepe. Ut itaque assumenda dolore excepturi quia et molestiae. Vel asperiores consequatur eveniet.','1979-10-25 16:34:24','1976-11-19 23:34:36'),
('68','68','incidunt','Quo illum reiciendis sed dolorem omnis dolores voluptatibus. Temporibus fugit odio quis qui quia et. Quia dolorem dolorum cumque dolor commodi provident tempore explicabo. Omnis cumque beatae repellat magnam quo rerum.','2013-10-16 13:54:13','2005-12-30 01:40:39'),
('69','69','tempora','Excepturi eum autem quas eius autem quia non. Aut consequatur et voluptatibus qui cumque amet impedit. Occaecati ea nemo hic aut. Cum officiis veritatis animi id et.','2002-04-29 14:07:03','2007-12-22 20:16:41'),
('70','70','qui','Voluptas iure ipsam delectus voluptas. Rem odio necessitatibus quo ut sit. Placeat suscipit aut enim temporibus consectetur consequuntur non. Porro similique temporibus repudiandae id maxime.','1992-11-26 01:49:19','1997-02-06 09:51:46'),
('71','71','illum','Itaque corporis totam pariatur odit in eos odit et. Rerum qui ut dolor sed minima quo est. Accusantium nihil rerum et quidem.','1985-06-23 05:20:31','1993-12-03 23:20:03'),
('72','72','ut','Assumenda fugit vero est recusandae quia consequatur repudiandae. Et repudiandae odio delectus eius. Nihil ea omnis molestiae aut.','2015-03-04 03:47:51','1988-09-14 06:23:47'),
('73','73','itaque','Eum animi eligendi ea praesentium error eligendi enim. Labore tenetur culpa quisquam aut dolores quam. Similique ex et doloremque in explicabo inventore totam. Et animi eum at veritatis ad facere.','2004-07-07 22:07:29','1974-06-17 12:30:24'),
('74','74','blanditiis','Blanditiis aspernatur ut voluptates qui ut et corrupti. Voluptas amet nisi hic tenetur beatae. Necessitatibus quae blanditiis quia dolorem non.','2006-07-01 23:04:34','2003-01-15 02:36:08'),
('75','75','eum','Aspernatur qui vel dolores inventore omnis sit ab. Tempore quis accusamus asperiores rerum veniam et voluptatem.','1976-08-18 04:49:10','2017-04-04 00:54:57'),
('76','76','corrupti','Maiores quisquam ex molestiae sunt. Est neque velit ad.','1984-04-23 07:15:02','1972-05-17 18:01:39'),
('77','77','praesentium','Nihil eligendi rerum voluptatem quia. Et est aperiam aut autem id minus. Assumenda dignissimos pariatur fugit dolorem. Pariatur sit dicta vel id.','2017-10-27 11:43:49','1988-05-02 06:38:30'),
('78','78','et','Magnam rem magnam aperiam debitis nihil minima. Doloribus est iste facilis voluptate quia. Dolorem dolor perferendis occaecati.','2019-11-12 23:49:10','1986-01-22 02:11:09'),
('79','79','aperiam','Atque nesciunt et animi molestiae et. Cupiditate fugit est nisi hic. Aut reiciendis perferendis necessitatibus tempore numquam.','2002-09-10 06:21:46','1979-11-25 09:02:45'),
('80','80','aliquam','Error provident rerum qui magnam saepe omnis minus aut. Reiciendis omnis nisi placeat sunt dolor.','1983-02-01 09:03:49','2000-05-06 22:35:52'),
('81','81','error','Ea qui quae aut. Ut et autem aut sunt. Maxime fuga hic quo. Earum officia officia labore est.','1975-10-27 17:03:55','1974-11-03 18:40:47'),
('82','82','nisi','Labore sit a adipisci deleniti. Aliquid molestias maxime ut rerum sit veniam sint molestiae. Nisi doloribus itaque dolorum totam quibusdam.','2014-05-31 00:29:30','2012-01-02 12:48:05'),
('83','83','quia','Officiis harum accusantium quasi. Et a assumenda eius et similique at. Voluptas qui dolorem nobis quod.','2009-09-11 03:59:47','1997-07-16 05:30:56'),
('84','84','sint','Sunt omnis nobis voluptatum. Est repellat porro consequatur qui impedit. Ea omnis consequatur quam voluptatem quo error blanditiis.','2018-10-23 02:33:32','2013-10-07 10:17:49'),
('85','85','voluptate','Illo magni numquam maxime error quibusdam incidunt. Distinctio debitis voluptatem voluptatem aut quisquam neque. In nesciunt eligendi commodi. Qui quas similique itaque voluptas eius est neque.','2019-02-23 06:20:24','1970-10-03 01:00:22'),
('86','86','ex','Asperiores consectetur molestiae laborum ex reiciendis velit. Ducimus temporibus officia ut. Temporibus dolores architecto cumque mollitia at ut.','2001-02-04 20:50:32','1971-01-13 11:33:01'),
('87','87','officia','Autem maxime ullam asperiores sint. Quis voluptatem sit amet fugiat molestiae. Labore rerum quia labore est sed molestiae. Voluptatem et ex omnis suscipit ea.','1979-12-11 02:05:48','1975-12-01 14:19:15'),
('88','88','veniam','Commodi explicabo voluptas hic molestias cum. Architecto assumenda et quibusdam. Quia eos culpa praesentium voluptatem ut. Harum et quod fugit ratione alias.','1975-10-11 11:46:18','1993-02-25 22:28:25'),
('89','89','illo','Ea blanditiis aut alias quia dignissimos veniam enim. Illo odio porro ut cum ea. Voluptates accusantium ea quia.','1992-11-26 09:49:51','1977-05-13 21:29:20'),
('90','90','esse','Aspernatur nostrum quia labore id quia. Veritatis rerum atque architecto quisquam labore illo laboriosam.','1992-02-04 20:13:47','2005-07-27 19:40:04'),
('91','91','sed','Voluptate consectetur voluptatum aut adipisci. Ipsam quia ut et id esse. Cum aut excepturi minima aut rerum. Ipsa impedit laudantium qui expedita.','1974-09-01 04:07:15','1997-09-08 17:28:54'),
('92','92','quisquam','Porro eveniet provident occaecati laudantium illo laboriosam consequuntur. Distinctio laboriosam nihil at ut magni perspiciatis dolores. Provident culpa quas architecto commodi sed nulla aut amet.','2001-10-31 22:44:25','2000-01-25 22:02:45'),
('93','93','molestiae','Rem harum et unde nulla corrupti. Ut sit suscipit delectus. Cupiditate reprehenderit atque veritatis quasi dolore incidunt inventore eaque. Error facilis est quam reiciendis sed possimus.','1985-08-24 08:57:17','1989-03-06 07:25:01'),
('94','94','qui','Quisquam maiores accusantium accusantium aliquam ratione aperiam accusantium. Eos facilis ipsum quam rerum adipisci omnis similique. Corporis rerum magni ipsum ut quia. Perspiciatis excepturi sapiente cum omnis reprehenderit ea id.','2008-08-29 22:30:58','1976-08-10 06:32:55'),
('95','95','et','Ipsam aut nulla minima ut exercitationem. Earum quaerat magnam ipsam voluptates voluptatibus. Voluptatem labore itaque eos sequi nihil magni. Consequatur aut nemo vel qui quia.','2001-02-19 00:31:42','1988-10-09 13:54:38'),
('96','96','placeat','Perferendis quis voluptatem temporibus accusamus sint ut omnis. Rerum maiores dolores dicta iure. Praesentium voluptas dolores ad sed.','2000-03-06 22:04:52','1975-10-11 18:44:09'),
('97','97','sunt','Quidem quisquam veritatis aut ipsum voluptatem consequatur. Fugiat architecto dolores sed exercitationem ut nesciunt totam. Ut dolor eos a tempora.','2004-09-05 00:55:49','1986-08-18 19:11:41'),
('98','98','in','Ut ea molestias ut praesentium aut. Iure vel perferendis mollitia doloribus hic.','2019-11-20 03:10:18','1987-08-29 19:07:12'),
('99','99','consequatur','Rerum ea recusandae quia vero quis dolores deserunt. Tempora dolores quo exercitationem labore nostrum amet dicta. Accusamus ab cum ullam ullam laboriosam quia nihil. Sit maxime quia iusto fuga.','1987-05-30 16:39:19','1998-06-01 21:29:29'),
('100','100','illum','Eum distinctio quam aliquam cumque sunt dolorum eligendi. Minus accusamus molestias ut fugiat vero eos. Beatae aut quidem hic et culpa repellendus.','1995-03-31 06:02:32','1982-12-05 03:52:30'); 


DROP TABLE IF EXISTS `advert_expert`;
CREATE TABLE `advert_expert` (
  `advert_id` bigint(20) unsigned NOT NULL,
  `expert_id` bigint(20) unsigned NOT NULL,
  PRIMARY KEY (`advert_id`,`expert_id`),
  KEY `expert_id` (`expert_id`),
  CONSTRAINT `advert_expert_ibfk_1` FOREIGN KEY (`advert_id`) REFERENCES `advert` (`id`),
  CONSTRAINT `advert_expert_ibfk_2` FOREIGN KEY (`expert_id`) REFERENCES `expert` (`id`)
) ENGINE=InnoDB DEFAULT CHARSET=utf8 COLLATE=utf8_unicode_ci COMMENT='Связь между объявлением и автоэкспертом';

INSERT INTO `advert_expert` VALUES ('1','1'),
('2','2'),
('3','3'),
('4','4'),
('5','5'),
('6','6'),
('7','7'),
('8','8'),
('9','9'),
('10','10'),
('11','11'),
('12','12'),
('13','13'),
('14','14'),
('15','15'),
('16','16'),
('17','17'),
('18','18'),
('19','19'),
('20','20'),
('21','21'),
('22','22'),
('23','23'),
('24','24'),
('25','25'),
('26','26'),
('27','27'),
('28','28'),
('29','29'),
('30','30'),
('31','31'),
('32','32'),
('33','33'),
('34','34'),
('35','35'),
('36','36'),
('37','37'),
('38','38'),
('39','39'),
('40','40'),
('41','41'),
('42','42'),
('43','43'),
('44','44'),
('45','45'),
('46','46'),
('47','47'),
('48','48'),
('49','49'),
('50','50'),
('51','51'),
('52','52'),
('53','53'),
('54','54'),
('55','55'),
('56','56'),
('57','57'),
('58','58'),
('59','59'),
('60','60'),
('61','61'),
('62','62'),
('63','63'),
('64','64'),
('65','65'),
('66','66'),
('67','67'),
('68','68'),
('69','69'),
('70','70'),
('71','71'),
('72','72'),
('73','73'),
('74','74'),
('75','75'),
('76','76'),
('77','77'),
('78','78'),
('79','79'),
('80','80'),
('81','81'),
('82','82'),
('83','83'),
('84','84'),
('85','85'),
('86','86'),
('87','87'),
('88','88'),
('89','89'),
('90','90'),
('91','91'),
('92','92'),
('93','93'),
('94','94'),
('95','95'),
('96','96'),
('97','97'),
('98','98'),
('99','99'),
('100','100'); 


DROP TABLE IF EXISTS `car_service`;
CREATE TABLE `car_service` (
  `id` bigint(20) unsigned NOT NULL AUTO_INCREMENT,
  `name` varchar(150) COLLATE utf8_unicode_ci DEFAULT NULL,
  PRIMARY KEY (`id`),
  KEY `car_service_name_idx` (`name`)
) ENGINE=InnoDB AUTO_INCREMENT=101 DEFAULT CHARSET=utf8 COLLATE=utf8_unicode_ci COMMENT='Автосервис';

INSERT INTO `car_service` VALUES ('90','accusamus'),
('95','Автопилот'),
('26','Audi центр'),
('35','ИНАВТО'),
('4','Престус Плюс'),
('10','АВИЛОН BMW'),
('54','BMW Автопорт'),
('79','Тойота Центр'),
('64','АВИЛОН «Мерседес-Бенц'),
('78','Ауди Центр Сити'),
('72','МБ-Измайлово'),
('19','АвтоГЕРМЕС LADA ш. Энтузиастов'),
('14','БалтАвтоТрейд-М'),
('27','BMW БорисХоф - Север'),
('74','АвтоГЕРМЕС KIA Рябиновая'),
('58','АвтоГЕРМЕС KIA Ярославское ш.'),
('81','Ауди Центр Варшавка'),
('70','Favorit Motors Автопрага Skoda Юг'),
('88','Петровский Автоцентр Renault в Мытищах'),
('50','Audi Центр Север'),
('34','АвтоСпецЦентр KIA Марьино'),
('52','Автосервис Квист Hyundai'),
('23','Авилон Volkswagen'),
('82','Автомир Nissan Крылатское'),
('24','Петровский Автоцентр Renault Белая Дача'),
('51','АвтоСпецЦентр KIA Каширка 39'),
('71','Автотемп VolvoCarTulskaya'),
('40','KIA АГАЛАТ АВТО'),
('8','КИА ЦЕНТР АГАЛАТ'),
('62','РОЛЬФ Алтуфьево Hyundai'),
('1','Land Rover РОЛЬФ Ясенево'),
('25','Лексус - Ясенево'),
('57','Ауди Центр Восток'),
('3','Major Ford Новорижское шоссе'),
('38','Major KIA Новорижский'),
('91','Major KIA Дмитровка'),
('2','Авилон Volkswagen'),
('45','Тойота Центр'),
('6','Тойота Центр'),
('73','АвтоГЕРМЕС LADA ш. Энтузиастов'),
('89','АвтоГЕРМЕС LADA ш. Энтузиастов'),
('65','Audi Центр Север'),
('94','ИНАВТО'),
('96','Автопилот'),
('85','ИНАВТО'),
('41','ИНАВТО'),
('5','Авилон Volkswagen'),
('84','ИНАВТО'),
('61','Major KIA Дмитровка'),
('18','Audi Центр Север'),
('98','Audi Центр Север'),
('42','Audi центр'),
('46','Audi центр'),
('29','ИНАВТО'),
('22','ИНАВТО'),
('28','ИНАВТО'),
('17','ИНАВТО'),
('59','Major KIA Дмитровка'),
('31','ИНАВТО'),
('80','АвтоГЕРМЕС LADA ш. Энтузиастов'),
('49','Audi Центр Север'),
('68','Автопилот'),
('21','Audi Центр Север'),
('33','KIA АГАЛАТ АВТО'),
('56','ИНАВТО'),
('99','ИНАВТО'),
('36','АвтоГЕРМЕС LADA ш. Энтузиастов'),
('37','АвтоГЕРМЕС LADA ш. Энтузиастов'),
('44','АвтоГЕРМЕС LADA ш. Энтузиастов'),
('69','АвтоГЕРМЕС LADA ш. Энтузиастов'),
('67','ИНАВТО'),
('43','АвтоГЕРМЕС LADA ш. Энтузиастов'),
('100','ИНАВТО'),
('7','АвтоГЕРМЕС LADA ш. Энтузиастов'),
('63','Audi центр'),
('83','ИНАВТО'),
('16','Автопилот'),
('11','ИНАВТО'),
('15','Тойота Центр'),
('13','АвтоГЕРМЕС LADA ш. Энтузиастов'),
('32','АвтоГЕРМЕС LADA ш. Энтузиастов'),
('9','KIA АГАЛАТ АВТО'),
('48','АвтоГЕРМЕС LADA ш. Энтузиастов'),
('60','АвтоГЕРМЕС LADA ш. Энтузиастов'),
('12','АвтоГЕРМЕС LADA ш. Энтузиастов'),
('66','АвтоГЕРМЕС LADA ш. Энтузиастов'),
('75','Тойота Центр'),
('30','Audi центр'),
('47','Автопилот'),
('76','Автопилот'),
('55','Автопилот'),
('86','Автопилот'),
('93','Audi центр'),
('20','Audi центр'),
('77','Audi центр'),
('87','Автопилот'),
('39','Автопилот'),
('53','Автопилот'),
('92','KIA АГАЛАТ АВТО'),
('97','Авилон Volkswagen'); 


DROP TABLE IF EXISTS `communities`;
CREATE TABLE `communities` (
  `id` bigint(20) unsigned NOT NULL AUTO_INCREMENT,
  `name` varchar(150) COLLATE utf8_unicode_ci DEFAULT NULL,
  PRIMARY KEY (`id`),
  KEY `communities_name_idx` (`name`)
) ENGINE=InnoDB AUTO_INCREMENT=101 DEFAULT CHARSET=utf8 COLLATE=utf8_unicode_ci COMMENT='Сообщество автовладельцев';

INSERT INTO `communities` VALUES ('31','accusantium'),
('47','aspernatur'),
('42','assumenda'),
('28','at'),
('58','aut'),
('21','blanditiis'),
('92','consequatur'),
('9','corporis'),
('3','debitis'),
('16','debitis'),
('39','dignissimos'),
('53','dignissimos'),
('89','dignissimos'),
('23','dolore'),
('1','dolorem'),
('79','dolorem'),
('37','dolorum'),
('75','dolorum'),
('98','dolorum'),
('32','ducimus'),
('7','ea'),
('24','earum'),
('49','eius'),
('94','eius'),
('18','eligendi'),
('36','enim'),
('5','error'),
('34','error'),
('59','error'),
('87','esse'),
('15','et'),
('27','et'),
('82','et'),
('88','et'),
('93','eum'),
('26','excepturi'),
('65','expedita'),
('56','facere'),
('81','facere'),
('73','fugit'),
('2','id'),
('6','id'),
('8','id'),
('52','impedit'),
('62','iste'),
('29','iure'),
('20','iusto'),
('44','iusto'),
('45','labore'),
('63','laboriosam'),
('95','laboriosam'),
('83','nesciunt'),
('71','nihil'),
('38','numquam'),
('78','numquam'),
('77','odio'),
('19','officia'),
('25','officia'),
('68','officia'),
('12','omnis'),
('14','omnis'),
('22','pariatur'),
('50','perspiciatis'),
('11','praesentium'),
('90','provident'),
('41','quaerat'),
('10','quam'),
('35','quasi'),
('66','quasi'),
('60','quia'),
('4','quidem'),
('17','quidem'),
('69','quidem'),
('74','quis'),
('48','quo'),
('80','quo'),
('46','recusandae'),
('64','recusandae'),
('30','reiciendis'),
('84','repellat'),
('72','reprehenderit'),
('91','rerum'),
('100','sapiente'),
('51','sed'),
('76','sed'),
('85','sed'),
('67','similique'),
('13','sint'),
('86','tenetur'),
('33','ut'),
('40','ut'),
('43','ut'),
('54','ut'),
('57','ut'),
('96','ut'),
('99','velit'),
('61','veritatis'),
('55','voluptas'),
('70','voluptas'),
('97','voluptatum'); 


DROP TABLE IF EXISTS `dealer`;
CREATE TABLE `dealer` (
  `id` bigint(20) unsigned NOT NULL AUTO_INCREMENT,
  `vehicle_id` bigint(20) unsigned NOT NULL,
  `name` varchar(50) COLLATE utf8_unicode_ci NOT NULL,
  `phone` bigint(20) NOT NULL,
  PRIMARY KEY (`id`),
  KEY `dealer_name_idx` (`name`),
  KEY `vehicle_id` (`vehicle_id`),
  CONSTRAINT `dealer_ibfk_1` FOREIGN KEY (`vehicle_id`) REFERENCES `vehicle` (`id`)
) ENGINE=InnoDB AUTO_INCREMENT=101 DEFAULT CHARSET=utf8 COLLATE=utf8_unicode_ci COMMENT='Дилер';

INSERT INTO `dealer` VALUES ('1','1','sunt','89164026466'),
('2','2','suscipit','89168740306'),
('3','3','voluptatem','89168284419'),
('4','4','autem','89162435414'),
('5','5','illo','89163424208'),
('6','6','consectetur','89162438464'),
('7','7','soluta','89160974081'),
('8','8','temporibus','89169615693'),
('9','9','ex','89164108900'),
('10','10','error','89163007739'),
('11','11','est','89166246074'),
('12','12','dolores','89167437061'),
('13','13','voluptas','89161259135'),
('14','14','excepturi','89160945927'),
('15','15','ducimus','89165065865'),
('16','16','rerum','89169952587'),
('17','17','ab','89163427136'),
('18','18','ipsa','89162445822'),
('19','19','rerum','89162066784'),
('20','20','quasi','89163176271'),
('21','21','et','89168409196'),
('22','22','aut','89168371062'),
('23','23','soluta','89166413445'),
('24','24','beatae','89162269318'),
('25','25','libero','89165786967'),
('26','26','fuga','89164448986'),
('27','27','eius','89168194906'),
('28','28','voluptatibus','89165837873'),
('29','29','unde','89167808186'),
('30','30','asperiores','89168175299'),
('31','31','impedit','89169697147'),
('32','32','mollitia','89165334072'),
('33','33','dolore','89162677732'),
('34','34','blanditiis','89166167101'),
('35','35','qui','89163424036'),
('36','36','fugit','89165983303'),
('37','37','vitae','89160145922'),
('38','38','iure','89169051549'),
('39','39','numquam','89162365814'),
('40','40','hic','89163461505'),
('41','41','neque','89168939221'),
('42','42','et','89165996091'),
('43','43','non','89164373170'),
('44','44','aspernatur','89169445335'),
('45','45','nihil','89166089073'),
('46','46','quia','89168084636'),
('47','47','perspiciatis','89161030167'),
('48','48','molestias','89163124306'),
('49','49','aliquam','89166189912'),
('50','50','deserunt','89161039456'),
('51','51','omnis','89162575201'),
('52','52','impedit','89164561122'),
('53','53','excepturi','89162029505'),
('54','54','et','89164544860'),
('55','55','voluptates','89167173584'),
('56','56','eum','89169252607'),
('57','57','et','89166250906'),
('58','58','nam','89164686696'),
('59','59','ducimus','89163998146'),
('60','60','voluptates','89163006391'),
('61','61','voluptatem','89160984333'),
('62','62','dolore','89165150218'),
('63','63','rerum','89167809488'),
('64','64','culpa','89169004164'),
('65','65','quidem','89161023236'),
('66','66','molestiae','89162832479'),
('67','67','consequatur','89166747968'),
('68','68','ullam','89166599574'),
('69','69','aut','89166502301'),
('70','70','et','89165625718'),
('71','71','ut','89163541940'),
('72','72','architecto','89169574888'),
('73','73','error','89163770544'),
('74','74','exercitationem','89163756369'),
('75','75','deserunt','89168870071'),
('76','76','mollitia','89164168294'),
('77','77','deserunt','89164610360'),
('78','78','omnis','89166543653'),
('79','79','dolores','89169449376'),
('80','80','et','89165319493'),
('81','81','amet','89162538482'),
('82','82','ut','89160793102'),
('83','83','quidem','89160177600'),
('84','84','reiciendis','89164260867'),
('85','85','nesciunt','89167138827'),
('86','86','aut','89161738126'),
('87','87','ad','89165648297'),
('88','88','quos','89168213283'),
('89','89','voluptatibus','89168138721'),
('90','90','et','89160705474'),
('91','91','similique','89160467707'),
('92','92','ut','89167666035'),
('93','93','ab','89161932292'),
('94','94','non','89162641601'),
('95','95','laborum','89163176894'),
('96','96','voluptatum','89168198922'),
('97','97','aut','89163231658'),
('98','98','laudantium','89162895219'),
('99','99','itaque','89168652578'),
('100','100','est','89165596206'); 


DROP TABLE IF EXISTS `expert`;
CREATE TABLE `expert` (
  `id` bigint(20) unsigned NOT NULL AUTO_INCREMENT,
  `name` varchar(150) COLLATE utf8_unicode_ci DEFAULT NULL,
  PRIMARY KEY (`id`),
  KEY `expert_name_idx` (`name`)
) ENGINE=InnoDB AUTO_INCREMENT=101 DEFAULT CHARSET=utf8 COLLATE=utf8_unicode_ci COMMENT='Автоэксперт';

INSERT INTO `expert` VALUES ('35','accusamus'),
('17','ad'),
('21','animi'),
('20','АВТОПОДБОР'),
('88','atque'),
('8','aut'),
('46','autem'),
('43','commodi'),
('78','consequatur'),
('41','cum'),
('29','cumque'),
('10','distinctio'),
('18','Автоподбор "Правильный выбор"'),
('37','dolor'),
('81','Автоэкспертиза ПРОФИ'),
('15','dolorem'),
('79','dolorem'),
('98','doloremque'),
('92','dolores'),
('83','ducimus'),
('89','ea'),
('38','et'),
('52','et'),
('67','et'),
('90','Частный автоэксперт Лиса Алиса'),
('100','et'),
('57','eum'),
('2','eveniet'),
('6','exercitationem'),
('31','exercitationem'),
('5','facere'),
('14','facilis'),
('48','fuga'),
('62','illo'),
('1','illum'),
('68','impedit'),
('7','in'),
('84','in'),
('85','in'),
('42','ipsa'),
('99','ipsam'),
('71','ipsum'),
('75','iste'),
('54','iure'),
('33','laborum'),
('34','laborum'),
('66','laborum'),
('25','maiores'),
('94','maxime'),
('55','molestiae'),
('86','molestiae'),
('9','molestias'),
('45','nam'),
('58','nam'),
('26','nemo'),
('16','occaecati'),
('82','occaecati'),
('40','omnis'),
('74','omnis'),
('77','Частный автоэксперт ПОТАП'),
('44','perferendis'),
('63','placeat'),
('76','porro'),
('13','Автоэксперт Эльдар'),
('65','quaerat'),
('53','quasi'),
('59','quasi'),
('4','quia'),
('24','quia'),
('80','Автоподбор "ТИМУРОВЦЫ"'),
('19','АВТОПОДБОР'),
('27','quos'),
('28','ratione'),
('32','ratione'),
('50','ratione'),
('64','ratione'),
('36','repellat'),
('22','reprehenderit'),
('70','repudiandae'),
('61','saepe'),
('51','sed'),
('56','sed'),
('95','sed'),
('87','soluta'),
('39','suscipit'),
('49','temporibus'),
('69','tenetur'),
('72','ullam'),
('30','ut'),
('93','ut'),
('96','ut'),
('23','Частный автоэксперт Лиса Алиса'),
('60','vel'),
('3','velit'),
('91','velit'),
('73','voluptas'),
('97','voluptas'),
('11','voluptatem'),
('47','voluptatem'),
('12','voluptatum'); 


DROP TABLE IF EXISTS `messages`;
CREATE TABLE `messages` (
  `id` bigint(20) unsigned NOT NULL AUTO_INCREMENT,
  `from_user_id` bigint(20) unsigned NOT NULL,
  `to_user_id` bigint(20) unsigned NOT NULL,
  `body` text COLLATE utf8_unicode_ci DEFAULT NULL,
  `created_at` datetime DEFAULT current_timestamp(),
  PRIMARY KEY (`id`),
  KEY `messages_from_user_id` (`from_user_id`),
  KEY `messages_to_user_id` (`to_user_id`),
  CONSTRAINT `messages_ibfk_1` FOREIGN KEY (`from_user_id`) REFERENCES `users` (`id`),
  CONSTRAINT `messages_ibfk_2` FOREIGN KEY (`to_user_id`) REFERENCES `users` (`id`)
) ENGINE=InnoDB AUTO_INCREMENT=101 DEFAULT CHARSET=utf8 COLLATE=utf8_unicode_ci COMMENT='Сообщение';

INSERT INTO `messages` VALUES ('1','1','1','Est sunt voluptas rerum incidunt enim. Molestias quia perferendis perferendis doloribus quo enim expedita. Velit animi alias molestias omnis ea odit repellendus autem.','1974-02-22 21:02:56'),
('2','2','2','Aut cupiditate eius non. Nihil aperiam non sed modi ut non qui. Sunt consequatur id dolor voluptatem impedit.','1998-05-17 08:18:33'),
('3','3','3','Quo ut qui dolor. Quam voluptatem porro omnis aut cumque dolores voluptatum quos. Quisquam nihil doloribus nihil odio non ut. Doloremque tenetur minus doloribus aut ducimus blanditiis. Nihil enim magni eum voluptas distinctio architecto.','2013-09-19 08:47:35'),
('4','4','4','Et et dolorem nostrum eveniet dignissimos. Pariatur dolores animi itaque facilis. Suscipit velit illo omnis necessitatibus voluptatem necessitatibus id voluptatem. Ducimus voluptatem similique rerum optio est consequatur quisquam.','2004-01-19 17:11:56'),
('5','5','5','Illum voluptatem minus totam eos vel eligendi amet odit. Velit magnam perferendis sed dolorem aperiam animi enim. Culpa voluptatem nobis quam quisquam libero. Eligendi laudantium debitis nisi hic.','1993-04-06 18:58:59'),
('6','6','6','Est laborum et maiores quo. Eum molestiae molestias perferendis. Assumenda consectetur rerum et. Veniam molestiae doloribus facere aut beatae iste.','2016-02-25 04:24:38'),
('7','7','7','Occaecati culpa tenetur provident eligendi ab quaerat nisi. Sit atque numquam dignissimos veniam. Vitae voluptatem quia maxime.','2018-07-28 00:21:05'),
('8','8','8','Ea sint tempore aspernatur praesentium. Recusandae fuga qui perferendis. Saepe voluptatum officiis id soluta aliquam nisi eos. Fugiat officiis provident accusamus ea.','2016-03-16 05:17:40'),
('9','9','9','Commodi reprehenderit unde iusto ex autem rerum quibusdam. Rerum hic velit consequatur esse id commodi. Ea voluptatem praesentium voluptatem id aut est nemo. Laboriosam laboriosam magnam magni nihil ea tenetur.','1973-01-08 22:34:15'),
('10','10','10','Voluptates reiciendis debitis aperiam omnis molestiae. Dicta placeat et recusandae sequi esse et autem. Eveniet at molestiae est sequi quia nam.','1990-02-28 06:59:32'),
('11','11','11','Commodi placeat inventore excepturi distinctio. Eos porro nemo est culpa nihil sint molestias. Explicabo velit laudantium sit rerum et.','1986-12-19 22:53:41'),
('12','12','12','Laboriosam voluptatem reiciendis in. Aut et quasi expedita consequuntur. Qui cumque id dolorum. Qui molestiae magnam laborum dignissimos consequatur.','1983-10-31 02:06:47'),
('13','13','13','Accusamus corporis natus culpa corrupti. Optio quidem error repellat similique repudiandae. Amet id voluptas voluptas rerum temporibus omnis aliquam.','2011-05-17 00:58:26'),
('14','14','14','Qui incidunt rerum praesentium deserunt et veritatis quasi. Optio quia aut odit perspiciatis iste ut. Totam maxime vel eveniet et.','1985-04-20 10:19:20'),
('15','15','15','Nihil minus maxime nihil rerum quod corporis sed error. Et magni laudantium sit soluta nam. Est nihil possimus fuga qui vel. Enim non temporibus deleniti illum labore accusamus.','1990-12-27 19:26:57'),
('16','16','16','Enim numquam vel soluta. Animi nam eaque aut culpa ullam. Exercitationem odio quia iusto dignissimos est dolores. Magnam explicabo laboriosam atque enim iusto.','1993-03-06 06:39:42'),
('17','17','17','Laudantium et aliquid accusamus quia omnis. Accusantium dolor doloremque et deserunt ea et. Asperiores doloribus quasi distinctio eaque.','1971-06-06 23:05:45'),
('18','18','18','Ut quae saepe ut qui ut odio. Architecto modi dicta aut veritatis beatae hic. Libero hic nobis veniam omnis rerum aut rerum. Expedita est aut molestias possimus repudiandae.','1993-10-31 08:08:36'),
('19','19','19','Est quia accusantium magni esse doloribus. Fugit incidunt non exercitationem. Modi officiis vel unde assumenda. Dolor consectetur laborum quidem velit incidunt repudiandae debitis.','1992-09-30 06:37:43'),
('20','20','20','Magni sed dicta quidem facere ut. Magni unde dolor omnis vel voluptatem minima officiis et. Commodi dolor facere corporis et sit.','2002-10-17 05:30:17'),
('21','21','21','Harum quae aut est tempore amet. Quo porro omnis qui ut. Quis dolor blanditiis qui voluptates nesciunt fuga. Porro tempore quasi ea doloribus molestias eligendi dolore.','2008-11-01 01:18:28'),
('22','22','22','Et laboriosam autem quidem ut dolore error. Et et rerum velit. Qui atque voluptate est tempora et natus quisquam delectus.','2003-07-29 01:18:42'),
('23','23','23','Fugiat ut error dicta. Et illum asperiores maxime eaque. Velit earum reiciendis neque maxime voluptatem.','2001-07-20 22:57:33'),
('24','24','24','Rerum quia aut est ut aut quos. Hic pariatur nulla voluptates et nihil mollitia. Et laudantium quia perferendis.','2005-08-27 08:09:16'),
('25','25','25','Vitae est ducimus et maiores consequatur cum. Magni id possimus labore quam perferendis facere. Corrupti veniam dolores doloremque est quod ab. Laboriosam in et esse omnis vitae cumque.','1973-07-18 12:44:40'),
('26','26','26','Sed aperiam nisi est eum repellendus accusamus quidem quae. Est sunt esse itaque et occaecati. Aut neque omnis est sed odit.','2009-10-29 23:08:41'),
('27','27','27','Eum excepturi nesciunt aut velit consequuntur qui. Architecto ipsa ex non autem dignissimos dolorem. Earum amet sit nihil illo non qui voluptatibus.','2007-03-01 21:55:42'),
('28','28','28','Delectus nobis cum voluptatem perferendis numquam nulla. Qui sit repudiandae qui vero quis dolor ut. Ut enim sed occaecati nulla. Modi amet expedita provident.','2015-07-21 01:19:25'),
('29','29','29','Nulla dolores omnis inventore tempore et. Qui qui architecto suscipit quibusdam. Et corrupti porro alias perferendis voluptate placeat iusto officia. Quia cum sunt qui doloribus consectetur pariatur facilis.','2017-12-16 23:33:16'),
('30','30','30','Laboriosam enim sit necessitatibus provident officia et. Consectetur aut doloremque qui et. Quia et officiis necessitatibus. Quia aspernatur consequatur et et.','1998-09-17 01:11:36'),
('31','31','31','Repellendus dolores alias nesciunt cum corrupti voluptate hic. Officiis velit est dolor accusamus. Perferendis veritatis sint itaque est.','1971-12-08 18:55:16'),
('32','32','32','Molestiae ipsa consectetur velit. Totam et eos praesentium qui tempore laborum omnis non. Repellendus sit in sed quae. Deleniti aut fuga laudantium molestiae.','2011-03-09 09:17:40'),
('33','33','33','Veniam quia atque dignissimos sequi. Aliquam in et quis earum. Dolore dignissimos itaque doloribus pariatur voluptatem enim eius provident.','1990-11-28 05:23:52'),
('34','34','34','Maxime sunt iusto dolore ea. Sapiente sed minima delectus distinctio. Eveniet est ipsa molestiae quis ea molestiae. Sed atque suscipit quae maxime. Vero ut provident aliquam minus id a necessitatibus.','1986-07-06 12:07:07'),
('35','35','35','Atque dolore consectetur ut reiciendis voluptates vel alias qui. Est eaque tenetur libero est beatae ab soluta. Facilis pariatur quia aut eaque mollitia sit voluptatem.','1974-08-21 18:33:03'),
('36','36','36','Velit enim beatae adipisci sit repudiandae quia consequatur. Soluta non sunt iure. Asperiores nam iure voluptas.','1988-09-13 02:51:09'),
('37','37','37','Quibusdam suscipit voluptatem omnis eos et at dolorem. Autem ratione autem quo earum hic. Est molestiae voluptate quo nulla voluptatem ducimus nihil. Debitis corrupti fugiat temporibus vero excepturi sequi.','1993-02-27 14:48:34'),
('38','38','38','Architecto esse molestias aut non fuga vel molestias. Voluptate quaerat ex tenetur modi expedita nihil.','1988-09-17 06:58:10'),
('39','39','39','Veritatis at at rerum tempore quaerat. Ipsum quam non laudantium mollitia. Nam nulla aut quos. Commodi totam corporis qui excepturi animi est. Ducimus sunt corrupti dolor.','2011-05-16 08:47:54'),
('40','40','40','Ut vel neque voluptatibus earum saepe deserunt totam. Veniam qui ullam vitae qui voluptatem. Ipsum repudiandae voluptate nisi quo ipsum blanditiis deleniti.','2012-10-13 21:43:41'),
('41','41','41','Ea dolorum et iure architecto. Vel tenetur sit laudantium alias nihil. Corporis ex quia ea et. Illum eius sit ea neque et eos repellat.','2014-09-04 23:24:25'),
('42','42','42','Velit ut ipsam provident vel repellendus recusandae voluptas. Cupiditate in recusandae odit dolorem labore. Non et dolores aut eum quia.','1993-10-07 11:10:27'),
('43','43','43','Et quo repudiandae inventore reprehenderit distinctio. Rem quo impedit totam eligendi praesentium. Debitis accusamus soluta aperiam ut quas esse et.','2013-01-25 08:18:40'),
('44','44','44','Illum cum eaque porro saepe ipsa. Eum quo at ut doloribus. Qui esse occaecati modi aperiam aspernatur perspiciatis accusamus molestiae. Aut molestias ut cupiditate. Voluptatem eligendi non cupiditate saepe.','2010-06-09 19:59:15'),
('45','45','45','Consequatur sunt quo voluptas earum ea. Et qui qui eveniet dolorem sequi nisi dolorum quis. Odio est error occaecati ullam cum pariatur adipisci.','2009-06-25 19:41:10'),
('46','46','46','Totam unde ipsa pariatur magni quo exercitationem. Blanditiis natus voluptatem perspiciatis vel nihil tempore. At veritatis aut explicabo repellat aut. Error omnis sit sed tenetur.','2009-07-05 16:22:35'),
('47','47','47','Beatae quo molestiae sint pariatur recusandae. Porro temporibus non dolorem omnis excepturi. Aperiam aut fugit quis reiciendis voluptatem ut laborum. Libero saepe nisi eos sit ab hic.','1983-02-13 01:08:01'),
('48','48','48','Voluptatem veniam quaerat consectetur qui. Adipisci culpa molestiae ullam totam officiis nisi quis excepturi. Qui quaerat deleniti consequatur iusto temporibus illum omnis.','2011-10-25 18:55:29'),
('49','49','49','Dolorem eaque est doloribus repellendus deleniti. Quia eum tempora explicabo. Consequatur voluptatum corrupti optio voluptatem rem hic. Quia rerum ad natus voluptas.','1974-09-18 17:53:42'),
('50','50','50','Consequatur dolore quam eum esse laboriosam. Sed aliquam ut delectus inventore. Nostrum aut dolorum qui reprehenderit.','1997-10-29 14:25:15'),
('51','51','51','Ipsam optio odit incidunt eligendi magni nobis. Enim et quidem vel dolorem omnis. Magnam dolorem et dolorum sed sit aut.','1989-02-02 15:05:10'),
('52','52','52','Est aperiam natus vel hic. Tempore necessitatibus aliquid laborum delectus adipisci veritatis reprehenderit. Sint adipisci consequatur id error. Dicta illo quo ad aut.','1980-05-28 06:44:32'),
('53','53','53','Omnis porro molestias hic. Voluptatem explicabo corrupti aperiam saepe non. Ab neque qui officia ut voluptatibus beatae. Amet non facere culpa deserunt quia.','2017-05-29 17:00:45'),
('54','54','54','Beatae vitae reiciendis laudantium. Voluptatem vero sunt quo sequi ad assumenda doloremque. Nesciunt in quia nisi illum praesentium aliquam.','1986-10-01 07:35:53'),
('55','55','55','Officia non qui soluta aut animi autem non. Dolor ipsam rerum enim odio. Id deleniti adipisci itaque ex corrupti et qui quod.','2004-08-09 12:06:15'),
('56','56','56','Ut ut odit incidunt tenetur eaque quidem id et. Illum perferendis saepe velit quod voluptas et quibusdam. Voluptates quidem accusamus aut in. Qui dolorem placeat quo ab sequi.','2011-11-02 05:17:05'),
('57','57','57','Nobis vel labore fuga tenetur praesentium ipsam distinctio illum. Veritatis quis soluta quia voluptatem blanditiis et officiis incidunt. Vitae aut aut dicta aliquid soluta.','2020-02-20 20:46:26'),
('58','58','58','Temporibus distinctio quaerat sunt doloribus incidunt. Nemo laboriosam porro dolor eaque. Fugiat iusto nulla qui quibusdam eum facere et.','1988-11-19 06:33:16'),
('59','59','59','Et et minus molestias tenetur. Debitis et repellendus sit. Placeat odit dolores nihil. Ea necessitatibus eum est harum.','1976-08-19 03:10:40'),
('60','60','60','Dignissimos sed sequi sunt vel voluptatibus et. Ex ut cum harum sunt sunt autem ipsa. Quia adipisci modi commodi numquam magnam quam modi numquam.','1989-10-04 05:31:38'),
('61','61','61','Ullam rerum ut nulla molestiae nesciunt recusandae unde. Blanditiis officiis in consequatur voluptas qui voluptatem sapiente nostrum. Cum necessitatibus cupiditate est minima veniam laborum.','1971-04-03 11:57:15'),
('62','62','62','Aliquam unde dolorum eligendi dolor. Voluptatem nam dolore iure veritatis ut officiis est quo. Corporis quaerat odit quam nostrum non libero maiores.','1993-08-24 09:56:54'),
('63','63','63','Deleniti quos tempore eius vitae. Nesciunt eius aut iure animi odio error. Voluptatem voluptatem nulla eius consectetur repellendus ea.','1987-12-31 02:07:18'),
('64','64','64','Et libero architecto ducimus nam harum occaecati odio. Suscipit quisquam itaque debitis tenetur voluptas dicta. Exercitationem molestiae aut quia eum numquam reiciendis in. Praesentium cum quae dolorum sed enim accusamus.','1971-04-29 08:41:55'),
('65','65','65','Itaque ducimus nam beatae labore. Dignissimos qui quibusdam voluptatem est id. Quas eius earum aut perferendis est nihil.','2017-10-26 17:14:51'),
('66','66','66','Labore consequatur voluptates aut cupiditate ducimus. Architecto vel et et omnis. Aut est praesentium tempore et culpa sit nemo.','2012-01-14 04:39:40'),
('67','67','67','Sit ut labore labore autem repudiandae nesciunt. Facere ea rerum quis voluptatem culpa. Mollitia iste laboriosam sapiente eaque. Qui repudiandae ut et corporis tempora alias nam.','1995-12-03 19:12:38'),
('68','68','68','Sapiente et perferendis voluptas dolores. Est deserunt perspiciatis nostrum nobis et rerum.','1983-10-26 21:06:12'),
('69','69','69','Minima facilis nihil placeat enim. Veniam non ratione architecto nam. Sint et voluptatibus dolorem perspiciatis voluptas.','1974-08-15 00:41:49'),
('70','70','70','Quo atque et voluptatem sunt et ut enim. Aut debitis vero consequatur est. Aut laudantium architecto aut sit.','1987-01-28 00:47:01'),
('71','71','71','Aliquid sequi consequatur sed ipsa. Architecto officia aut est hic quaerat ullam maiores ut. Harum suscipit consequatur est dolores possimus. Assumenda eligendi eaque itaque error.','1972-03-23 02:52:59'),
('72','72','72','Voluptatem quia ea est. Laborum neque cumque eum rerum. Mollitia ea molestiae placeat dolores.','2019-02-19 07:55:06'),
('73','73','73','Voluptate libero numquam aut et. Qui omnis qui sed officia maxime assumenda. Consequuntur dolorum placeat adipisci dolor eaque officia ut. Et molestiae voluptate explicabo eos.','1973-03-26 07:20:21'),
('74','74','74','Nulla voluptatem sint earum consequatur dolore molestiae voluptatem. Perspiciatis exercitationem ut aut sint quia et nesciunt. Facere beatae et est soluta voluptatibus.','1971-05-31 08:08:45'),
('75','75','75','Veniam impedit reiciendis voluptatem sit aspernatur dolorem. Vero voluptatum molestias labore minus iste laboriosam. Velit omnis quia dolorem rerum et enim aliquid odio. Et adipisci est quidem enim et.','2002-06-13 13:10:42'),
('76','76','76','Optio et consequatur voluptatem sequi ipsa aut rerum. Sunt fugit ipsam quam. Doloribus nisi facilis non aspernatur saepe voluptates laboriosam.','1990-03-22 03:32:29'),
('77','77','77','Aut non expedita magni nobis. Molestias modi dolore atque dolor omnis. Aut non et delectus omnis nisi. Maxime animi ad qui et aliquid asperiores.','1981-11-15 05:30:39'),
('78','78','78','Vel voluptatem nemo repudiandae inventore. Repellat neque est est iure non cumque doloremque. Nam quisquam optio est sed. Nam nisi et nam fuga voluptates exercitationem autem.','2019-08-11 15:00:47'),
('79','79','79','Quia culpa omnis consequatur perferendis incidunt in. Eos quo cupiditate illo hic. Laboriosam nam atque ullam assumenda necessitatibus sed.','1978-09-04 17:24:56'),
('80','80','80','Quas deleniti soluta aut architecto autem exercitationem. Nisi aut esse maiores omnis. Inventore sed dolore modi voluptatem officia.','1994-10-07 15:29:25'),
('81','81','81','Ut id provident tempore aut vero aut ab. Eius quibusdam deserunt nisi error qui. Expedita consequatur inventore excepturi.','1986-04-25 10:33:03'),
('82','82','82','Dignissimos numquam perferendis itaque ipsam unde. Asperiores impedit neque quasi doloremque magni. Quo fuga pariatur maxime culpa nam sequi. Deserunt reprehenderit itaque illo quia. Fuga fugiat et autem aut error.','1986-02-10 13:47:48'),
('83','83','83','Tempora debitis minima impedit assumenda voluptates omnis et. Libero quia nam ipsam blanditiis et. Veritatis provident quia porro.','1973-09-08 19:13:24'),
('84','84','84','Fugit necessitatibus nesciunt nostrum nostrum unde qui. Id officia voluptatibus officia recusandae autem accusamus. Facilis temporibus et dolore assumenda nihil quia. Aperiam facere hic ut praesentium.','1971-04-29 14:43:17'),
('85','85','85','Deleniti laudantium magnam voluptas voluptatem. Veritatis aspernatur praesentium ut esse. Incidunt et accusamus ipsum deserunt sequi.','1996-12-27 21:18:38'),
('86','86','86','Quaerat fuga voluptatibus itaque porro. Sunt error et architecto aut. Quo voluptates earum delectus expedita rem alias dolores.','2004-01-19 11:08:13'),
('87','87','87','Tempore fugiat nihil optio soluta nam voluptas. Ut error suscipit eligendi hic eius eos et. Perspiciatis nesciunt vero quis est. Aperiam vel accusantium placeat aspernatur. Laudantium iusto itaque quia voluptates atque provident.','1976-02-28 20:35:27'),
('88','88','88','Et dicta quaerat molestias in ea. Corporis nihil voluptas maxime rerum similique. Et et et et eligendi consequuntur odit voluptatem non. Rem cumque ipsam numquam.','1985-04-05 06:03:19'),
('89','89','89','Nesciunt laborum voluptatem consectetur eaque. Magni id facere nisi. Aut et aut debitis sapiente qui. Ullam commodi iste ullam sint.','2017-09-16 16:17:49'),
('90','90','90','Et autem qui reiciendis. Minus suscipit quaerat minus ut.','1997-06-09 09:24:04'),
('91','91','91','Vitae ut sed ut facere ipsa id. Laboriosam ea maiores adipisci autem sit quas. Exercitationem iure omnis at. Explicabo laudantium inventore numquam et veritatis.','2003-12-25 20:59:34'),
('92','92','92','Aut ipsam voluptates in qui non praesentium. Aspernatur iste dignissimos consequuntur repellendus provident autem omnis.','1984-05-04 13:47:45'),
('93','93','93','Veniam ullam possimus incidunt tempore. Expedita doloribus esse est rerum molestiae. Excepturi ut voluptas facilis totam nobis eos sequi sit. Alias et odit at voluptas dolorum soluta qui. Est sunt ipsa cum.','2014-04-02 07:01:52'),
('94','94','94','Et eum blanditiis sed assumenda. Nesciunt ut magni sunt quasi et et eligendi. Voluptatem consequatur eos voluptatem laboriosam itaque odio unde rerum. Modi blanditiis ut non rerum atque.','2015-01-21 01:54:04'),
('95','95','95','Est sint voluptatum et ad a. Cupiditate occaecati dolorem quo adipisci. Enim corrupti et odio et voluptas maiores. Deserunt quo minus iusto harum quidem eligendi magnam.','1999-03-20 18:26:51'),
('96','96','96','Vero sit voluptatem iste nisi ut incidunt. Et et excepturi quam et occaecati deserunt temporibus non. Est possimus iure sed culpa numquam dicta.','1977-09-17 08:18:07'),
('97','97','97','Enim delectus dolorum ut praesentium. Rerum voluptates nihil eos dolores ea. Earum animi et in qui. Aut eligendi ducimus animi quas et.','1996-11-06 04:38:21'),
('98','98','98','Sequi molestiae qui eaque et rem omnis enim. Possimus est unde natus maxime harum consectetur quae voluptates. Laudantium voluptate distinctio qui amet aliquam. Quia unde distinctio magni autem omnis in tempora.','1975-10-20 02:44:53'),
('99','99','99','Fugit ipsam harum id aut ea debitis. Ut aut deleniti sed. Maiores illo quia facilis et tempora numquam.','1973-02-24 17:25:43'),
('100','100','100','Reiciendis ut rem sint eaque at minima. Est et molestiae aut sint sint rerum. Aut delectus labore consequatur commodi quia.','2016-05-13 12:05:45'); 


DROP TABLE IF EXISTS `photos`;
CREATE TABLE `photos` (
  `id` bigint(20) unsigned NOT NULL AUTO_INCREMENT,
  `photo_name` varchar(150) COLLATE utf8_unicode_ci DEFAULT NULL,
  PRIMARY KEY (`id`),
  KEY `id` (`id`),
  CONSTRAINT `photos_ibfk_1` FOREIGN KEY (`id`) REFERENCES `advert` (`id`)
) ENGINE=InnoDB AUTO_INCREMENT=101 DEFAULT CHARSET=utf8 COLLATE=utf8_unicode_ci COMMENT='Фотографии';

INSERT INTO `photos` VALUES ('1','1'),
('2','2'),
('3','3'),
('4','4'),
('5','5'),
('6','6'),
('7','7'),
('8','8'),
('9','2108.jpg'),
('10','10'),
('11','11'),
('12','12'),
('13','13'),
('14','14'),
('15','15'),
('16','16'),
('17','17'),
('18','18'),
('19','19'),
('20','20'),
('21','21'),
('22','22'),
('23','23'),
('24','24'),
('25','25'),
('26','26'),
('27','27'),
('28','28'),
('29','29'),
('30','30'),
('31','31'),
('32','Vesta.tif'),
('33','33'),
('34','34'),
('35','35'),
('36','36'),
('37','37'),
('38','38'),
('39','39'),
('40','40'),
('41','41'),
('42','42'),
('43','Largus.png'),
('44','44'),
('45','45'),
('46','46'),
('47','47'),
('48','48'),
('49','49'),
('50','50'),
('51','51'),
('52','Granta.jpg'),
('53','53'),
('54','54'),
('55','55'),
('56','Vesta.png'),
('57','57'),
('58','58'),
('59','59'),
('60','60'),
('61','61'),
('62','62'),
('63','Granta.tif'),
('64','64'),
('65','65'),
('66','66'),
('67','67'),
('68','68'),
('69','69'),
('70','70'),
('71','71'),
('72','72'),
('73','73'),
('74','74'),
('75','75'),
('76','76'),
('77','77'),
('78','78'),
('79','79'),
('80','80'),
('81','81'),
('82','2110.jpg'),
('83','83'),
('84','Kalina.jpg'),
('85','85'),
('86','86'),
('87','Vesta.png'),
('88','88'),
('89','89'),
('90','90'),
('91','91'),
('92','2112.jpg'),
('93','93'),
('94','94'),
('95','95'),
('96','96'),
('97','97'),
('98','98'),
('99','99'),
('100','100'); 


DROP TABLE IF EXISTS `review`;
CREATE TABLE `review` (
  `id` bigint(20) unsigned NOT NULL AUTO_INCREMENT,
  `vehicle_id` bigint(20) unsigned NOT NULL,
  `from_user_id` bigint(20) unsigned NOT NULL,
  `body` text COLLATE utf8_unicode_ci DEFAULT NULL,
  `created_at` datetime DEFAULT current_timestamp(),
  PRIMARY KEY (`id`),
  KEY `review_created_at_id` (`created_at`),
  KEY `from_user_id` (`from_user_id`),
  KEY `vehicle_id` (`vehicle_id`),
  CONSTRAINT `review_ibfk_1` FOREIGN KEY (`from_user_id`) REFERENCES `users` (`id`),
  CONSTRAINT `review_ibfk_2` FOREIGN KEY (`vehicle_id`) REFERENCES `vehicle` (`id`)
) ENGINE=InnoDB AUTO_INCREMENT=101 DEFAULT CHARSET=utf8 COLLATE=utf8_unicode_ci COMMENT='Отзыв';

INSERT INTO `review` VALUES ('1','1','1','Qui iusto aut necessitatibus ad rerum consequatur. Dignissimos itaque qui sapiente quasi aperiam. Blanditiis aut omnis ea quibusdam. Aperiam at a ullam sunt numquam.','2005-07-06 15:26:51'),
('2','2','2','Est non rerum asperiores tenetur omnis culpa fuga. Facilis rerum accusantium qui itaque facilis minima. Enim officia esse quis placeat. Assumenda dignissimos quae sed sapiente reprehenderit.','1976-01-13 06:57:47'),
('3','3','3','Illo eos autem et consequatur omnis. Quis possimus saepe rem laboriosam quisquam assumenda. Voluptatibus repellendus suscipit ipsa eos quis.','1986-02-24 15:15:29'),
('4','4','4','Ut nostrum et et libero ut harum. Molestiae vitae sint sint nobis nulla veritatis eos. Quis expedita quo illo facere unde consequatur impedit. Sit ad recusandae voluptas magnam ut ad quis.','1971-02-16 23:18:37'),
('5','5','5','Unde ratione odit velit error. Blanditiis in debitis rerum ullam. Perspiciatis a quis culpa consectetur optio voluptatem.','1992-03-01 04:59:42'),
('6','6','6','Voluptas dolores autem aliquid culpa. Enim qui incidunt et qui aut. Qui et tenetur est et.','1985-08-13 15:44:59'),
('7','7','7','Laudantium dolorem voluptatem optio. Vel nam tempore ut nemo. Officiis voluptates voluptatem ab et quibusdam.','1999-12-25 14:03:19'),
('8','8','8','Quis et in quia deserunt modi. Odit nobis consequuntur velit culpa. Dignissimos nesciunt consequatur eligendi architecto consequatur maiores. Itaque aut nisi laudantium vitae.','1997-06-01 23:05:39'),
('9','9','9','Voluptates dolores voluptatem consequatur. Voluptas suscipit dolore aut tempore harum eveniet ex. Quia assumenda delectus id ea. Distinctio nesciunt dolores voluptatem mollitia quae.','2004-11-27 23:00:51'),
('10','10','10','Ullam neque voluptatem modi inventore tenetur sit. Quisquam minima omnis velit ratione rerum aliquid quae. Vitae ea ut praesentium assumenda dignissimos tempora. Et iste saepe eius.','1970-04-26 14:07:20'),
('11','11','11','Enim quidem voluptas quam qui veritatis pariatur. Vel quia sint et voluptate accusamus. Vitae rerum quis quod impedit inventore minus rerum. Porro molestias iusto molestias eum aperiam beatae. Aspernatur ea in consequatur voluptatibus culpa similique.','2003-08-04 23:46:40'),
('12','12','12','Qui in provident dolores ipsam. Quibusdam fuga quam magni harum error.','2020-01-29 01:08:35'),
('13','13','13','Qui et corrupti rerum. Rerum debitis necessitatibus eaque fugiat non corporis. Quos dolor nisi minus omnis.','2001-07-04 14:35:05'),
('14','14','14','Et sit omnis aut facere aut at. Id vitae quam qui labore distinctio quo veritatis. Soluta debitis amet quia exercitationem at ipsa impedit debitis.','2007-12-26 13:02:16'),
('15','15','15','Similique vero et labore nihil sit. Beatae doloremque officiis fuga omnis. Ullam esse consequatur delectus laboriosam magni.','1981-01-19 09:44:09'),
('16','16','16','Dolor dignissimos ab dignissimos voluptatem dicta fugit. Ducimus tempora ipsam ab. Quo molestias sequi facilis suscipit natus culpa.','1996-07-29 06:50:29'),
('17','17','17','Laudantium blanditiis adipisci earum aut. Amet qui deleniti aut et aut maxime autem. Placeat voluptatem omnis omnis consequatur. Velit aspernatur iusto excepturi blanditiis molestias ut consequatur.','2007-10-27 15:40:28'),
('18','18','18','Distinctio iure quaerat accusantium aperiam. Eaque sint sed est eum necessitatibus. Voluptatem est reprehenderit repellendus dignissimos. Ab eaque ducimus recusandae repudiandae eius.','1988-05-13 23:42:41'),
('19','19','19','Voluptatibus ad nesciunt tempore ipsam. Nobis nemo est nemo aut. Repellendus nisi qui sed ullam enim voluptatem aut.','2008-11-19 10:22:43'),
('20','20','20','Ipsam dolore nam et praesentium. Voluptatum dolor omnis ab accusamus a. Minus voluptas nulla quam. Autem ducimus voluptatibus quas architecto quis. Necessitatibus quasi itaque provident sed tempore neque.','1985-05-22 13:25:49'),
('21','21','21','Sequi rerum nemo at sunt eum adipisci. Et id aut vel et et. Facilis consequatur suscipit rem cumque sed et. Rerum saepe debitis nesciunt voluptas nemo. Laudantium autem laudantium ullam consequatur neque veniam.','1994-06-21 21:19:49'),
('22','22','22','Animi voluptatibus beatae provident ipsa labore et. Rerum perspiciatis aut autem et est. Dolorum eaque sint qui voluptas. Nesciunt distinctio provident voluptatem ab consequuntur quibusdam.','2016-05-27 07:02:57'),
('23','23','23','Sit neque sint mollitia ut. Amet corporis velit quia id tempore sit odio. Expedita ab dicta harum quidem. Nisi est tempora non quaerat et. Autem facere velit quis et similique dolorem vero.','1988-10-07 07:52:43'),
('24','24','24','Repellendus voluptas dolorem est dolores necessitatibus. Ipsa rerum sit et tenetur pariatur facilis consequatur. Ex earum et nobis quisquam voluptatem id. Hic qui veniam repudiandae in fuga et.','1999-11-08 04:30:45'),
('25','25','25','Vel omnis suscipit placeat dolor excepturi eaque nostrum assumenda. Debitis eos nemo expedita doloremque repellat tempore odio. Non nobis id voluptas repellat.','1977-08-12 08:39:26'),
('26','26','26','Doloremque enim et maiores perferendis. Nemo ut voluptatem adipisci in temporibus eos dolores. Rerum doloremque omnis ab commodi facilis. Sunt corrupti id quas nisi error laudantium vero.','2006-03-01 07:17:44'),
('27','27','27','Ab omnis quia est at veritatis molestiae enim blanditiis. Ut voluptatem qui quibusdam qui molestiae ipsum. Ut deserunt aut dolor ipsam. A sit et ad ipsum sed quaerat illum.','2018-02-13 15:48:36'),
('28','28','28','Incidunt alias cum iusto. Atque magni non quisquam nihil. Dolorum qui dignissimos ipsam reprehenderit sunt et molestiae. Doloremque velit fugit voluptatem rerum qui unde.','1970-05-08 05:36:40'),
('29','29','29','Quod aliquam hic est impedit velit. Voluptatem deserunt unde veritatis est sed provident natus.','2003-11-16 08:17:50'),
('30','30','30','Nihil sit aspernatur et maxime consequuntur doloribus iusto. Voluptatum iusto voluptatum velit. Voluptas voluptatem optio ad suscipit sapiente quis rem. Culpa qui itaque necessitatibus possimus ut. Nisi sit aliquid nesciunt et.','1981-12-18 01:01:58'),
('31','31','31','A sunt repudiandae facilis vel ipsam ipsam. Harum iusto atque voluptatibus. Doloribus voluptatibus molestiae eum est. Sed error error aliquam aliquid. Corrupti sed atque dolor quas non.','1985-08-11 15:55:44'),
('32','32','32','Sit provident quam nisi accusamus voluptatem ipsam dolorem. Corporis est nobis rerum blanditiis id voluptate. Ut provident iste eveniet ut est aut.','1987-10-30 12:58:30'),
('33','33','33','Sit quasi commodi dolores saepe beatae. Voluptatem vel ipsa sint omnis. Aut occaecati voluptas molestiae. Quia corrupti soluta adipisci autem nihil.','1976-03-14 13:46:49'),
('34','34','34','Quo et quia nostrum nostrum. Sed autem omnis aut dolores. Quidem at fuga sit eos et. Porro facilis quasi aut dolores omnis veniam.','2008-01-16 21:25:53'),
('35','35','35','Ex est exercitationem voluptas corrupti veniam voluptatem illo unde. Aut illum distinctio impedit et atque. Nesciunt rerum et ipsam ut.','1995-02-03 04:03:27'),
('36','36','36','Ea necessitatibus tenetur necessitatibus enim. Dignissimos ullam id facilis velit dolor qui sequi ipsam. Distinctio voluptatibus ut porro voluptatem qui voluptate laborum eligendi.','1976-06-01 07:06:12'),
('37','37','37','Possimus in nam occaecati aut sunt ut. Alias harum temporibus et accusantium est id et. Similique odit quia mollitia. Est expedita omnis sed ut consequuntur ipsam.','1993-07-16 12:02:13'),
('38','38','38','Voluptatem laborum sint quia qui adipisci delectus laboriosam. Ea magni maiores consequuntur. Architecto odit rerum a et blanditiis. Natus sunt qui adipisci ratione magnam.','1991-05-08 12:34:55'),
('39','39','39','Corrupti quasi ipsa illo rerum voluptate totam aut. Ipsa aut aut et rerum. A provident atque nihil ut omnis omnis dolorem dolor. Minima excepturi id rerum praesentium facilis.','2002-01-15 02:11:09'),
('40','40','40','Reiciendis ratione veritatis maxime sit. Nobis molestiae velit neque tempora omnis velit et. Commodi rerum harum quia voluptatem.','2019-02-27 17:17:44'),
('41','41','41','A odit suscipit nemo eius minus omnis. Quasi aut impedit odit soluta et rerum. Et omnis rerum aut ea possimus consequatur alias. Omnis dolorem nesciunt tempore velit quo corporis dolorem.','1981-10-27 18:22:00'),
('42','42','42','Occaecati impedit ut eaque. Ipsam quia at mollitia.','1972-02-26 05:28:17'),
('43','43','43','Tenetur cumque quo assumenda maxime. Ducimus itaque dignissimos alias voluptate qui. Nemo accusamus vel magni fuga voluptatem magnam voluptatibus. Non molestiae dolorum voluptas est quia.','1995-04-09 03:45:45'),
('44','44','44','Nihil distinctio autem voluptatibus saepe magnam et maiores. Dolore possimus temporibus dolores minima porro. Consequuntur alias fugit qui quia veritatis quae.','2012-06-07 06:13:53'),
('45','45','45','Dolorum cum temporibus est mollitia numquam voluptate perspiciatis. Eum id enim exercitationem sint ea. Et sed harum qui et minus. Est voluptatibus quia modi et labore velit.','1970-05-25 14:45:34'),
('46','46','46','Animi totam placeat perferendis accusamus. Voluptas sit et omnis maiores. Aut illum sed quisquam dolorum omnis corrupti illo. Assumenda dolore ex dolores.','2020-01-22 00:05:05'),
('47','47','47','Eveniet at qui assumenda inventore libero. Qui ipsum necessitatibus fugit magni vel in. Fugiat qui iure exercitationem tenetur quos. Voluptas aspernatur impedit et voluptatibus vero consequuntur asperiores.','2000-09-09 19:35:10'),
('48','48','48','Eum consequatur sunt consequatur quod rem facere. Tempore aut dolorem in voluptatem. Deleniti veritatis id voluptatem sapiente nemo velit saepe. Commodi tempora quam officiis.','1978-11-19 15:09:45'),
('49','49','49','Quo consequatur expedita molestiae dolore. Consequatur non porro sed quis magni. Ex nisi ducimus ipsam sit. Excepturi sed quo doloribus et dignissimos sed molestiae. Et soluta voluptates neque omnis aut eveniet similique nam.','2009-10-19 17:17:26'),
('50','50','50','Repellat aut officia quo necessitatibus eveniet pariatur asperiores animi. Sint magnam dolorem nihil et non sint. Id et voluptatem et libero.','1980-02-25 05:00:42'),
('51','51','51','Dolor neque ut dolorum hic adipisci repellat harum. Sed ullam nam occaecati voluptates voluptas similique inventore consectetur. Mollitia atque et minima voluptas quia error aspernatur. Dicta qui non molestiae voluptatem numquam temporibus omnis. Totam suscipit culpa maiores fugit voluptatem maiores.','1993-07-23 14:16:15'),
('52','52','52','Voluptas repellendus dicta qui iste fugit ad molestias. Asperiores est rem facere et perspiciatis hic. Vitae omnis fugit aut minima libero voluptatem quaerat.','2007-06-30 07:05:25'),
('53','53','53','Error deserunt placeat placeat qui iure. Ipsa tempora exercitationem placeat voluptatem ex fuga est. Maiores eos quia explicabo aut. Quam rerum temporibus mollitia ut.','1983-02-25 09:14:24'),
('54','54','54','Explicabo aliquam veritatis quo quia veniam similique tenetur. Consequatur ab impedit laborum enim animi facilis.','2017-08-20 05:21:02'),
('55','55','55','Aut necessitatibus quidem in quibusdam. Nobis sed architecto nobis quo odio aut quibusdam. Est temporibus saepe voluptatem est. Voluptas ipsum et et.','2014-04-23 22:12:45'),
('56','56','56','Nulla eveniet eveniet quos rerum rem. Laboriosam adipisci sit aliquam est quo. Qui nisi vitae mollitia. Facilis quam ipsa est quos.','2014-01-15 16:28:43'),
('57','57','57','Quia nulla deserunt et. Eius eaque et est dolores tenetur impedit quo. Doloribus molestiae perferendis dolorem at. Dolorem voluptate ab rerum atque dolor dolor ducimus.','2006-12-01 12:30:05'),
('58','58','58','Ab totam consequuntur eligendi magnam. Fugiat et consectetur dicta omnis alias consequatur. Magnam delectus autem in sunt sit quaerat.','1999-08-19 21:45:21'),
('59','59','59','Possimus minima qui ut ea non est. Ad autem commodi vitae veritatis occaecati.','2016-09-20 12:34:00'),
('60','60','60','Recusandae qui ex et omnis ut. Quidem reprehenderit quisquam amet quibusdam et eum sint. Voluptates in quia velit id.','1986-03-19 02:50:39'),
('61','61','61','Quibusdam nihil sint consectetur eum ducimus voluptatem. Autem et dolor facilis perspiciatis alias. Accusamus ipsum beatae molestiae dolor. Repudiandae tempora explicabo ratione maiores quia. Earum placeat iusto est qui laudantium asperiores.','1996-06-02 19:51:26'),
('62','62','62','Minus minima eos eveniet eum est voluptatibus. Id exercitationem iste excepturi eos sunt. Id voluptate sit nostrum odit et. Blanditiis dolorem sunt quas odit consequuntur in.','2008-09-13 00:54:40'),
('63','63','63','Esse ea quo ut. Reiciendis est velit veniam itaque et quae quis.','1973-06-04 22:37:59'),
('64','64','64','Amet nulla qui enim. Nihil nemo voluptas ut voluptate id. Est consequatur accusamus asperiores dolores necessitatibus tempora magni. Accusantium sapiente eum eligendi natus eaque cupiditate.','1973-05-08 02:28:17'),
('65','65','65','Ullam odio inventore quia ut debitis aperiam ut perferendis. Consectetur atque ab hic quasi deleniti. Sit eum odit magni distinctio sit distinctio.','1981-08-17 15:18:06'),
('66','66','66','Quas et itaque commodi est delectus aut rerum. Nulla amet doloremque rerum recusandae voluptatem. Officiis maxime et accusantium sit quaerat consequatur. Et voluptatem nam ipsa dolore odio autem. Aliquam pariatur qui dolores et est ullam.','1982-11-03 19:41:50'),
('67','67','67','Quas adipisci ut quae omnis. Ducimus aspernatur in illum quis dicta. Autem eaque ut qui non doloribus et reprehenderit. Vitae facere modi architecto deserunt at autem consectetur cumque.','2011-04-02 19:23:39'),
('68','68','68','Autem quidem eum qui necessitatibus consectetur mollitia qui. Ex quasi aliquam eligendi et est officia non. Aut quis et necessitatibus ducimus deserunt in eveniet repellat.','1981-08-05 20:51:54'),
('69','69','69','Ratione aliquam dolore sed perferendis ipsa. Libero voluptatum ratione tempore quae debitis sit. Amet omnis placeat sint aspernatur illo sunt id nesciunt.','1989-12-12 04:51:20'),
('70','70','70','Aut molestias consequatur non assumenda ea. Est fuga est ut exercitationem nam aut occaecati. Tenetur debitis cumque sint facilis repellendus ipsam.','1980-04-18 01:21:27'),
('71','71','71','Soluta enim doloribus porro accusantium accusantium. Repellendus repudiandae sint ea delectus magni omnis. Numquam voluptate quod nobis iusto suscipit repellendus repellendus.','2016-07-17 23:07:58'),
('72','72','72','Rerum reiciendis temporibus est est minima nesciunt eum. Molestiae possimus aut excepturi tempore. Aut deserunt ut voluptatem error. Eaque hic nisi quam perferendis.','1985-08-31 00:19:22'),
('73','73','73','Odio voluptatibus ea fugiat similique. Animi quia vero officiis necessitatibus iste eum. Iste occaecati vero vero cum quasi debitis est iste. Id sint incidunt veritatis mollitia.','1993-01-11 17:27:59'),
('74','74','74','Suscipit voluptatem distinctio quasi libero itaque libero sunt saepe. In facilis mollitia dolor qui. Reprehenderit voluptas eum alias non vero distinctio. Molestiae accusamus et et aut inventore ut.','1983-05-03 07:07:45'),
('75','75','75','Nisi tenetur rerum tenetur officiis sed sunt eligendi odit. Cupiditate saepe distinctio asperiores et. Ex deserunt quia mollitia quam consectetur. Ut quod ut unde quia.','1993-04-08 02:23:09'),
('76','76','76','Voluptatem qui ratione dolorem sit. Commodi sunt voluptas possimus ab. Quaerat hic sit omnis sed.','1974-04-08 20:52:51'),
('77','77','77','Enim asperiores et asperiores odio beatae debitis. Numquam cum velit magni temporibus illum consequatur assumenda. Dolor aspernatur illum sunt consequatur deleniti tempore.','1971-02-17 08:18:00'),
('78','78','78','Consectetur aperiam vel qui ea reiciendis voluptatem. Non eum quas eaque aut est. Saepe ut sint labore sit sint totam aut. Iusto magnam non error laboriosam dolorem.','2008-06-09 07:03:14'),
('79','79','79','Qui aut et voluptatibus eaque pariatur suscipit. Ut sequi dolorum fugit ducimus recusandae laborum. Aliquid itaque in quis.','1980-08-31 07:48:01'),
('80','80','80','Laborum ullam cumque libero. Distinctio consequuntur aut qui eveniet. Ea non aliquam unde molestias. Consequuntur optio consectetur officia officiis fugit qui consequatur.','1994-06-10 06:03:53'),
('81','81','81','Veniam beatae modi quis doloremque aut officiis sunt. Sit sit ipsa illo recusandae. Alias veritatis aut quia quam. Architecto similique esse aspernatur in.','2015-08-15 08:23:45'),
('82','82','82','Sit unde ut quasi et ipsam dolorem necessitatibus. Vitae exercitationem est dolor qui officia. Voluptatum ex est inventore consequuntur sit temporibus. Consectetur consectetur iusto sed aut.','1976-03-07 05:47:58'),
('83','83','83','Omnis occaecati non dignissimos eius quibusdam ipsum voluptate. Odit adipisci vero eius quia. Rerum error dolor voluptas saepe eos. Dolores et nemo ipsam.','1976-03-19 00:27:21'),
('84','84','84','Et consectetur ipsum assumenda et sequi. Atque deserunt sunt architecto. Dolor eum unde minus earum quo assumenda dolorem.','2000-07-13 23:35:46'),
('85','85','85','Molestiae quasi ipsam et ullam et minima. Veritatis corrupti quidem ducimus. Sunt facere vel amet enim deleniti.','1986-03-16 09:07:44'),
('86','86','86','Sed eius iste rerum. Amet voluptatum dolores doloremque. Sint omnis quasi quisquam doloremque qui unde officia quod. Natus earum repellat explicabo ut ullam error hic. Aut quo ratione qui et dolorem.','1974-05-23 01:13:25'),
('87','87','87','Illo ratione totam et assumenda qui. Aut eos ut incidunt deserunt assumenda possimus. Nesciunt doloribus cupiditate omnis minus dolores ab eum possimus.','1973-04-05 12:09:52'),
('88','88','88','Aut aliquid corporis ut fugit. Earum ut asperiores et ut eaque beatae. Consequatur sint ex qui sint pariatur et at. Itaque et soluta aut illum.','2004-02-02 07:08:46'),
('89','89','89','Quia explicabo rerum tempora nulla laborum est. Maxime ut sed nam ut consequatur. Delectus dolore aut ullam. Doloribus tempore occaecati quo et itaque corporis. A quo itaque autem excepturi.','1995-07-27 06:00:09'),
('90','90','90','Vel quo doloremque in saepe. Nisi dolor corrupti enim non mollitia suscipit.','2015-09-25 16:09:23'),
('91','91','91','Qui accusantium praesentium at explicabo qui est autem vel. Laboriosam odio repellendus incidunt sit rerum. Dolorem necessitatibus debitis aliquid ut perferendis.','2017-12-09 02:26:32'),
('92','92','92','Ut similique illum molestiae reiciendis. Voluptatem sapiente sed et eligendi reprehenderit culpa voluptas eius. Praesentium vero suscipit illo. Delectus sequi vitae velit eum et ut blanditiis eius.','1992-05-23 14:42:33'),
('93','93','93','Sunt quis laborum laboriosam cum ut accusamus nemo. Quam in non perspiciatis qui dolor voluptas. Quis vitae voluptatibus exercitationem sint aut laboriosam.','2010-12-19 10:08:16'),
('94','94','94','Molestiae perferendis tempora quibusdam dignissimos. In voluptatibus officiis voluptas qui ipsum necessitatibus. Consequatur dolore enim quis nulla. At vero et reprehenderit inventore. Nihil hic iure molestiae ut quis dolores odit.','1976-05-08 14:25:59'),
('95','95','95','Eos error aut debitis nostrum corrupti qui laborum. Dicta enim veniam nisi aut aut eveniet fuga. Sit et explicabo quis ut iste et. Sunt expedita esse recusandae ab quia a.','2006-04-04 08:20:39'),
('96','96','96','Voluptatum eum et corrupti expedita. Architecto voluptas adipisci sit ut autem minima. Velit qui corrupti et voluptatem laborum. Non explicabo doloremque omnis hic.','1993-09-21 05:48:46'),
('97','97','97','Voluptatem temporibus dolorem fugiat omnis aspernatur quis. At ipsam beatae repellat autem repellat earum nesciunt. Expedita velit dolor velit repellendus quia sunt. Excepturi impedit et consectetur esse nisi aut.','1970-07-13 08:04:55'),
('98','98','98','Possimus temporibus dicta eaque ad quo eligendi. Odit sunt quis dolores magnam aperiam. Perspiciatis rerum quae itaque velit et architecto.','2016-06-14 02:32:19'),
('99','99','99','Neque neque delectus deleniti. Odio consequatur qui soluta ea molestias quod est. Recusandae sapiente nulla dolorem accusantium. Placeat est rerum inventore ut modi rem. Aliquid reiciendis optio ratione quo.','2001-05-09 12:58:10'),
('100','100','100','Id nemo omnis dignissimos architecto quam eaque nisi. Et labore explicabo accusantium illum debitis et. Enim rem eos magnam cum sit.','2009-07-25 12:58:37'); 


DROP TABLE IF EXISTS `spare_part`;
CREATE TABLE `spare_part` (
  `id` bigint(20) unsigned NOT NULL AUTO_INCREMENT,
  `name` enum('Запчасти','Шины и диски','Масла и автохимия','Аккумуляторы','Аксессуары','Автоинструменты') COLLATE utf8_unicode_ci DEFAULT NULL,
  PRIMARY KEY (`id`)
) ENGINE=InnoDB AUTO_INCREMENT=101 DEFAULT CHARSET=utf8 COLLATE=utf8_unicode_ci COMMENT='Запчасти';

INSERT INTO `spare_part` VALUES ('1','Запчасти'),
('2','Шины и диски'),
('3','Аккумуляторы'),
('4','Шины и диски'),
('5','Масла и автохимия'),
('6','Шины и диски'),
('7','Автоинструменты'),
('8','Аккумуляторы'),
('9','Аккумуляторы'),
('10','Запчасти'),
('11','Автоинструменты'),
('12','Автоинструменты'),
('13','Шины и диски'),
('14','Автоинструменты'),
('15','Аксессуары'),
('16','Аккумуляторы'),
('17','Масла и автохимия'),
('18','Автоинструменты'),
('19','Запчасти'),
('20','Шины и диски'),
('21','Шины и диски'),
('22','Аккумуляторы'),
('23','Автоинструменты'),
('24','Автоинструменты'),
('25','Аккумуляторы'),
('26','Масла и автохимия'),
('27','Аксессуары'),
('28','Масла и автохимия'),
('29','Аксессуары'),
('30','Автоинструменты'),
('31','Аксессуары'),
('32','Масла и автохимия'),
('33','Запчасти'),
('34','Автоинструменты'),
('35','Шины и диски'),
('36','Аксессуары'),
('37','Аксессуары'),
('38','Запчасти'),
('39','Масла и автохимия'),
('40','Запчасти'),
('41','Шины и диски'),
('42','Автоинструменты'),
('43','Масла и автохимия'),
('44','Аксессуары'),
('45','Масла и автохимия'),
('46','Автоинструменты'),
('47','Аксессуары'),
('48','Масла и автохимия'),
('49','Аксессуары'),
('50','Масла и автохимия'),
('51','Аккумуляторы'),
('52','Аксессуары'),
('53','Аксессуары'),
('54','Запчасти'),
('55','Аксессуары'),
('56','Автоинструменты'),
('57','Масла и автохимия'),
('58','Шины и диски'),
('59','Аккумуляторы'),
('60','Аксессуары'),
('61','Шины и диски'),
('62','Автоинструменты'),
('63','Масла и автохимия'),
('64','Автоинструменты'),
('65','Аккумуляторы'),
('66','Автоинструменты'),
('67','Автоинструменты'),
('68','Аксессуары'),
('69','Автоинструменты'),
('70','Аксессуары'),
('71','Аксессуары'),
('72','Аккумуляторы'),
('73','Аксессуары'),
('74','Шины и диски'),
('75','Масла и автохимия'),
('76','Аксессуары'),
('77','Автоинструменты'),
('78','Масла и автохимия'),
('79','Масла и автохимия'),
('80','Шины и диски'),
('81','Масла и автохимия'),
('82','Аксессуары'),
('83','Запчасти'),
('84','Аксессуары'),
('85','Аккумуляторы'),
('86','Аккумуляторы'),
('87','Аксессуары'),
('88','Автоинструменты'),
('89','Аккумуляторы'),
('90','Масла и автохимия'),
('91','Аксессуары'),
('92','Запчасти'),
('93','Аккумуляторы'),
('94','Аккумуляторы'),
('95','Аксессуары'),
('96','Запчасти'),
('97','Автоинструменты'),
('98','Запчасти'),
('99','Аккумуляторы'),
('100','Масла и автохимия'); 


DROP TABLE IF EXISTS `users`;
CREATE TABLE `users` (
  `id` bigint(20) unsigned NOT NULL AUTO_INCREMENT,
  `firstname` varchar(50) COLLATE utf8_unicode_ci NOT NULL,
  `lastname` varchar(50) COLLATE utf8_unicode_ci NOT NULL,
  `email` varchar(120) COLLATE utf8_unicode_ci NOT NULL,
  `phone` bigint(20) NOT NULL,
  PRIMARY KEY (`id`),
  UNIQUE KEY `email` (`email`),
  KEY `users_phone_idx` (`phone`),
  KEY `users_firstname_lastname_idx` (`firstname`,`lastname`)
) ENGINE=InnoDB AUTO_INCREMENT=101 DEFAULT CHARSET=utf8 COLLATE=utf8_unicode_ci COMMENT='Владелец авто';

INSERT INTO `users` VALUES ('1','Giovanna','Fahey','tressa53@example.net','89160314595'),
('2','Tyrell','Raynor','jeffertz@example.com','89163498864'),
('3','Leslie','Miller','heidenreich.martina@example.com','89166499925'),
('4','Aniyah','Kunze','hector.altenwerth@example.net','89160705276'),
('5','Salvatore','Hansen','mlesch@example.org','89161543439'),
('6','Raleigh','Reynolds','rbashirian@example.net','89165590110'),
('7','Avis','Schuster','willis66@example.net','89168036929'),
('8','Lauriane','Kautzer','glover.jaylon@example.net','89162571972'),
('9','Milan','Miller','camden51@example.com','89161233998'),
('10','Hunter','Spencer','uupton@example.com','89165801267'),
('11','Andy','Little','mraz.charlene@example.net','89167084236'),
('12','Yvonne','Johnston','sblanda@example.com','89166751991'),
('13','Viviane','Reichert','dach.kayli@example.net','89167087641'),
('14','Daren','Raynor','johns.june@example.net','89164895541'),
('15','Ismael','Little','heaney.eladio@example.com','89166947245'),
('16','Terrence','Nicolas','trever14@example.org','89161778118'),
('17','Alanna','Kshlerin','grant.griffin@example.org','89166296907'),
('18','Icie','Herman','devonte66@example.org','89162448006'),
('19','Carmine','Veum','gregory.ruecker@example.net','89167408160'),
('20','Savanah','Spencer','nikita39@example.net','89168759984'),
('21','Garth','Kreiger','ezequiel.pacocha@example.com','89169597767'),
('22','Joanne','McDermott','gward@example.org','89166735375'),
('23','Matilde','Miller','qdaugherty@example.com','89161752208'),
('24','Marlen','Towne','hollis33@example.org','89164903791'),
('25','Eryn','Hilpert','cierra89@example.com','89166268081'),
('26','Chauncey','Heller','pollich.genevieve@example.net','89165861871'),
('27','Kylie','Beatty','johnny32@example.net','89163984291'),
('28','Ines','Waelchi','nathanael92@example.com','89169319919'),
('29','Jewell','Wiza','delaney.abshire@example.org','89163606304'),
('30','Felipe','Haag','harmony15@example.org','89160468075'),
('31','Florence','Will','ora.bode@example.com','89168228193'),
('32','Cruz','Harber','gulgowski.madaline@example.com','89167643680'),
('33','Helena','Koch','oberbrunner.filomena@example.org','89163006659'),
('34','Dallas','Reichel','collin.beier@example.net','89169578530'),
('35','Yesenia','Reichert','wschuppe@example.net','89169179603'),
('36','Vilma','Mraz','nikki31@example.org','89168748559'),
('37','Sibyl','Daniel','lilliana.dicki@example.com','89162115303'),
('38','Enrique','Ebert','mconnelly@example.net','89167554615'),
('39','Julie','Kilback','francesco.runte@example.net','89162990811'),
('40','Edwina','Windler','dkris@example.com','89163623109'),
('41','Lilian','Jerde','gonzalo.tremblay@example.net','89166887592'),
('42','Austyn','Koelpin','andre.cole@example.net','89169610457'),
('43','Valentin','Hessel','reagan36@example.net','89169552926'),
('44','Citlalli','Reichel','karina.waelchi@example.org','89166155072'),
('45','Guiseppe','Hane','felicia25@example.net','89160517483'),
('46','Russell','Koepp','kaycee92@example.net','89168106431'),
('47','Stone','Fahey','mitchel85@example.net','89167737637'),
('48','Josephine','Kub','rippin.bailee@example.com','89166484844'),
('49','Viva','Gerlach','williamson.salma@example.net','89167798981'),
('50','Amparo','Sipes','zfarrell@example.org','89166924719'),
('51','Mittie','Spinka','lori.boyle@example.net','89161924439'),
('52','Brennan','Walker','hermiston.clovis@example.com','89164050652'),
('53','Mckayla','Jerde','aurelio01@example.net','89163264950'),
('54','Manuel','Daniel','alena.morissette@example.com','89164333175'),
('55','Braeden','Lockman','fhettinger@example.org','89163683575'),
('56','Giuseppe','Braun','prohaska.kendrick@example.net','89165380694'),
('57','Onie','Kuvalis','ebert.watson@example.net','89164256358'),
('58','Pearline','Kuhlman','hrodriguez@example.net','89166697329'),
('59','Marcellus','Rempel','abigail.cartwright@example.com','89160266509'),
('60','Scotty','Skiles','weber.janis@example.net','89161582836'),
('61','Lyla','Olson','delaney46@example.com','89167244118'),
('62','Kristina','Pouros','monty41@example.com','89166295130'),
('63','Wilbert','Yundt','amina.abbott@example.net','89162466108'),
('64','Lacy','Emmerich','dasia38@example.net','89161212084'),
('65','Ashlee','Schimmel','madie88@example.org','89166585646'),
('66','Valentin','Klocko','waelchi.isidro@example.net','89169012734'),
('67','Eldon','Marks','imaggio@example.net','89161716305'),
('68','Lillie','Bogan','koch.carole@example.com','89160170170'),
('69','Sarina','Johns','larry80@example.net','89166550610'),
('70','Xander','Bins','kuhn.chance@example.com','89160967696'),
('71','Efren','Kuhn','gregg.donnelly@example.com','89161583083'),
('72','Carleton','Wolff','yfranecki@example.com','89164192783'),
('73','Zachary','Collier','dante.morissette@example.org','89168639138'),
('74','Cathrine','Grady','kaitlin.pollich@example.com','89162184369'),
('75','Winfield','Champlin','blick.tianna@example.org','89163268488'),
('76','Mollie','Raynor','walsh.dayton@example.com','89166874188'),
('77','Anya','Fisher','ezra.hilpert@example.com','89160259903'),
('78','Malika','Gusikowski','vwisoky@example.org','89165613418'),
('79','Petra','Runolfsson','koelpin.claire@example.net','89163195114'),
('80','Luigi','Denesik','champlin.sydnee@example.com','89161396528'),
('81','Marquise','Schowalter','eboehm@example.com','89166503572'),
('82','Kayden','Roberts','tobin.gerhold@example.com','89169346088'),
('83','Leila','Hyatt','lelah.okuneva@example.com','89164635619'),
('84','Missouri','Sipes','deckow.alessia@example.net','89161236054'),
('85','Glenna','Stroman','jace50@example.com','89161581159'),
('86','Fritz','Hackett','doyle.pagac@example.org','89162347543'),
('87','Deja','Upton','bulah94@example.com','89166959177'),
('88','Tyrel','Murphy','zena.braun@example.com','89167769106'),
('89','Camilla','Smith','derek87@example.org','89168717473'),
('90','Maribel','Streich','ian03@example.com','89165568240'),
('91','Julianne','Wolf','schulist.verda@example.org','89167444197'),
('92','Laurine','Robel','jan29@example.net','89164283892'),
('93','Angelina','Walker','jaeden.larkin@example.com','89165105039'),
('94','Tiara','Mayert','vinnie77@example.com','89169923990'),
('95','Adolphus','Runolfsson','douglas.saige@example.com','89165334802'),
('96','Noemie','Buckridge','bglover@example.org','89167273368'),
('97','Milton','Thiel','theron81@example.com','89165840902'),
('98','Gloria','Leannon','ahane@example.net','89162274611'),
('99','Heber','Bartell','ikessler@example.net','89164463111'),
('100','Leda','Lind','ada.stehr@example.org','89165213202'); 


DROP TABLE IF EXISTS `users_communities`;
CREATE TABLE `users_communities` (
  `user_id` bigint(20) unsigned NOT NULL,
  `community_id` bigint(20) unsigned NOT NULL,
  PRIMARY KEY (`user_id`,`community_id`),
  KEY `community_id` (`community_id`),
  CONSTRAINT `users_communities_ibfk_1` FOREIGN KEY (`user_id`) REFERENCES `users` (`id`),
  CONSTRAINT `users_communities_ibfk_2` FOREIGN KEY (`community_id`) REFERENCES `communities` (`id`)
) ENGINE=InnoDB DEFAULT CHARSET=utf8 COLLATE=utf8_unicode_ci COMMENT='Связь между сообществами и владельцами авто';

INSERT INTO `users_communities` VALUES ('1','1'),
('2','2'),
('3','3'),
('4','4'),
('5','5'),
('6','6'),
('7','7'),
('8','8'),
('9','9'),
('10','10'),
('11','11'),
('12','12'),
('13','13'),
('14','14'),
('15','15'),
('16','16'),
('17','17'),
('18','18'),
('19','19'),
('20','20'),
('21','21'),
('22','22'),
('23','23'),
('24','24'),
('25','25'),
('26','26'),
('27','27'),
('28','28'),
('29','29'),
('30','30'),
('31','31'),
('32','32'),
('33','33'),
('34','34'),
('35','35'),
('36','36'),
('37','37'),
('38','38'),
('39','39'),
('40','40'),
('41','41'),
('42','42'),
('43','43'),
('44','44'),
('45','45'),
('46','46'),
('47','47'),
('48','48'),
('49','49'),
('50','50'),
('51','51'),
('52','52'),
('53','53'),
('54','54'),
('55','55'),
('56','56'),
('57','57'),
('58','58'),
('59','59'),
('60','60'),
('61','61'),
('62','62'),
('63','63'),
('64','64'),
('65','65'),
('66','66'),
('67','67'),
('68','68'),
('69','69'),
('70','70'),
('71','71'),
('72','72'),
('73','73'),
('74','74'),
('75','75'),
('76','76'),
('77','77'),
('78','78'),
('79','79'),
('80','80'),
('81','81'),
('82','82'),
('83','83'),
('84','84'),
('85','85'),
('86','86'),
('87','87'),
('88','88'),
('89','89'),
('90','90'),
('91','91'),
('92','92'),
('93','93'),
('94','94'),
('95','95'),
('96','96'),
('97','97'),
('98','98'),
('99','99'),
('100','100'); 


DROP TABLE IF EXISTS `vehicle`;
CREATE TABLE `vehicle` (
  `id` bigint(20) unsigned NOT NULL AUTO_INCREMENT,
  `user_id` bigint(20) unsigned NOT NULL,
  `car_brand` enum('LADA','Audi','BMW','Ford','Honda','Hyundai','Jeep','Kia','Lexus','Mazda','Mercedes-Benz','Mitsubishi','Nissan','Opel','Peugeot','Porsche','Renault','Skoda','SsangYong','Subaru','Suzuki','Toyota','Volkswagen','Volvo','GAZ','other') COLLATE utf8_unicode_ci NOT NULL DEFAULT 'other',
  `car_model` varchar(50) COLLATE utf8_unicode_ci NOT NULL,
  `car_body` enum('Седан','Хэтчбек','Внедорожник','Универсал','Купе','Минивэн','Пикап','Лимузин','Фургон','Кабриолет') COLLATE utf8_unicode_ci NOT NULL,
  `gear_box` enum('Автоматическая','Робот','Вариатор','Механическая') COLLATE utf8_unicode_ci NOT NULL,
  `engine` enum('Бензин','Дизель','Гибрид','Электро') COLLATE utf8_unicode_ci NOT NULL,
  `drive` enum('Передний','Задний','Полный') COLLATE utf8_unicode_ci NOT NULL,
  `engine_capacity` enum('0.2','0.4','0.6','0.8','1.0','1.2','1.4','1.6','1.8','2.0','2.2','2.4','2.6','2.8','3.0','3.2','3.4','3.6','3.8','4.0','4.5','5.0','5.5','6.0','7.0','8.0','9.0','10.0') COLLATE utf8_unicode_ci NOT NULL,
  `year_manufacture` year(4) NOT NULL DEFAULT 1901,
  `car_mileage` mediumint(8) unsigned DEFAULT NULL,
  `price` int(10) unsigned DEFAULT NULL,
  `engine_power` smallint(5) unsigned DEFAULT NULL,
  PRIMARY KEY (`id`),
  KEY `vehicle_car_model_idx` (`car_model`),
  KEY `vehicle_year_manufacture_idx` (`year_manufacture`),
  KEY `vehicle_car_mileage_idx` (`car_mileage`),
  KEY `vehicle_price_idx` (`price`),
  KEY `vehicle_engine_power_idx` (`engine_power`),
  KEY `user_id` (`user_id`),
  CONSTRAINT `vehicle_ibfk_1` FOREIGN KEY (`user_id`) REFERENCES `users` (`id`)
) ENGINE=InnoDB AUTO_INCREMENT=101 DEFAULT CHARSET=utf8 COLLATE=utf8_unicode_ci COMMENT='Транспортное средство';

INSERT INTO `vehicle` VALUES ('1','1','Mercedes-Benz','temporibus','Седан','Робот','Гибрид','Полный','5.5','1994','26815','123016','111'),
('2','2','Renault','voluptatem','Минивэн','Робот','Гибрид','Задний','1.4','2018','155042','243326','63'),
('3','3','GAZ','tenetur','Универсал','Автоматическая','Гибрид','Передний','1.6','1978','456569','1172691','280'),
('4','4','other','alias','Внедорожник','Автоматическая','Гибрид','Полный','4.5','2016','323738','472965','260'),
('5','5','Volvo','voluptatem','Фургон','Робот','Дизель','Задний','9.0','1999','490361','676811','68'),
('6','6','Porsche','ab','Кабриолет','Механическая','Электро','Полный','3.8','1988','126092','1460665','178'),
('7','7','Lexus','consequatur','Лимузин','Робот','Дизель','Задний','6.0','2004','373410','1824127','216'),
('8','8','other','quos','Универсал','Автоматическая','Электро','Полный','10.0','1985','290439','565125','251'),
('9','9','LADA','2108','Хэтчбек','Механическая','Бензин','Передний','0.6','2012','37017','249000','176'),
('10','10','other','atque','Купе','Механическая','Дизель','Передний','2.6','2014','275270','191208','268'),
('11','11','GAZ','animi','Внедорожник','Автоматическая','Гибрид','Задний','2.4','1983','16465','639156','268'),
('12','12','GAZ','officia','Фургон','Робот','Гибрид','Задний','2.8','1987','10936','631256','182'),
('13','13','BMW','quisquam','Внедорожник','Механическая','Гибрид','Передний','3.6','1973','363441','1752884','165'),
('14','14','BMW','est','Купе','Автоматическая','Электро','Передний','1.8','2007','104799','1445226','169'),
('15','15','Volkswagen','sit','Универсал','Механическая','Бензин','Полный','1.8','1998','288990','1767393','70'),
('16','16','Nissan','dicta','Минивэн','Вариатор','Гибрид','Передний','7.0','1990','153352','1329657','177'),
('17','17','Mazda','deleniti','Лимузин','Робот','Дизель','Передний','1.6','2019','330072','1201586','298'),
('18','18','Jeep','sed','Фургон','Механическая','Дизель','Полный','0.4','1973','124091','1349536','216'),
('19','19','Subaru','est','Внедорожник','Робот','Дизель','Задний','0.8','1973','240303','275455','240'),
('20','20','Mercedes-Benz','ducimus','Купе','Вариатор','Дизель','Задний','2.4','1970','228414','103279','268'),
('21','21','Honda','perspiciatis','Минивэн','Вариатор','Гибрид','Полный','7.0','1980','74746','1518191','204'),
('22','22','other','impedit','Универсал','Робот','Дизель','Передний','0.2','1978','32256','702019','132'),
('23','3','Honda','enim','Купе','Автоматическая','Электро','Задний','0.6','1973','198701','1856920','244'),
('24','24','Lexus','assumenda','Фургон','Робот','Гибрид','Задний','0.8','1982','272155','1917874','197'),
('25','25','Nissan','neque','Универсал','Робот','Электро','Передний','4.0','1994','388540','470653','296'),
('26','26','Porsche','architecto','Лимузин','Механическая','Электро','Полный','3.2','1991','129375','1378987','201'),
('27','27','Peugeot','dolorem','Универсал','Автоматическая','Бензин','Передний','1.2','1978','43412','848054','279'),
('28','28','SsangYong','ut','Кабриолет','Робот','Гибрид','Передний','1.2','2010','412932','368115','85'),
('29','29','Renault','eos','Хэтчбек','Вариатор','Бензин','Полный','2.6','1981','328725','174259','166'),
('30','30','Volvo','voluptatem','Хэтчбек','Механическая','Бензин','Задний','8.0','2004','198446','1397956','210'),
('31','1','Suzuki','qui','Хэтчбек','Автоматическая','Дизель','Полный','6.0','1976','13043','72206','146'),
('32','2','LADA','Vesta','Седан','Автоматическая','Электро','Передний','8.0','1999','38454','525000','62'),
('33','3','Suzuki','quis','Внедорожник','Механическая','Бензин','Полный','0.4','1989','335609','248405','299'),
('34','4','Mazda','sit','Универсал','Робот','Дизель','Передний','2.8','1998','375442','158873','129'),
('35','35','Peugeot','pariatur','Купе','Автоматическая','Электро','Передний','1.6','2003','338868','990827','214'),
('36','36','Peugeot','consectetur','Пикап','Робот','Бензин','Передний','1.0','1984','51516','1611467','137'),
('37','37','Volkswagen','consequatur','Пикап','Механическая','Электро','Задний','3.8','1995','451160','792810','72'),
('38','38','Jeep','et','Минивэн','Автоматическая','Электро','Передний','0.4','2017','370798','50725','278'),
('39','39','Audi','ducimus','Фургон','Вариатор','Гибрид','Полный','4.0','2014','484025','564635','261'),
('40','40','Opel','rerum','Фургон','Робот','Бензин','Передний','4.0','1973','81605','866357','247'),
('41','1','Toyota','autem','Кабриолет','Робот','Гибрид','Передний','1.8','1986','222015','1762704','74'),
('42','2','Peugeot','fugit','Кабриолет','Вариатор','Бензин','Передний','7.0','1988','344256','508641','87'),
('43','43','LADA','Largus','Универсал','Вариатор','Электро','Задний','2.8','2005','45980','455000','72'),
('44','44','Kia','possimus','Лимузин','Механическая','Бензин','Задний','2.2','2000','283536','1046490','299'),
('45','45','Mercedes-Benz','eum','Универсал','Вариатор','Гибрид','Полный','2.4','1988','46978','1826301','254'),
('46','46','Audi','illum','Седан','Вариатор','Гибрид','Полный','2.8','2005','358951','531913','192'),
('47','47','Volkswagen','aut','Внедорожник','Вариатор','Электро','Передний','0.4','1984','488707','647125','70'),
('48','48','Kia','ea','Лимузин','Робот','Электро','Полный','0.8','2013','90063','601981','226'),
('49','49','Volkswagen','voluptatibus','Кабриолет','Механическая','Гибрид','Задний','2.4','1993','490788','1885630','84'),
('50','50','BMW','perferendis','Фургон','Вариатор','Бензин','Задний','1.6','1988','298826','1022504','246'),
('51','51','GAZ','sequi','Минивэн','Вариатор','Бензин','Задний','6.0','1983','42697','1304868','81'),
('52','2','LADA','Granta','Фургон','Автоматическая','Дизель','Передний','1.2','2003','21410','350000','211'),
('53','53','Mitsubishi','quo','Купе','Механическая','Дизель','Полный','5.0','1998','287520','1521405','152'),
('54','54','Volvo','est','Купе','Вариатор','Электро','Задний','4.0','2017','476829','1331043','257'),
('55','55','Skoda','qui','Кабриолет','Автоматическая','Дизель','Полный','3.6','1995','403695','1222720','127'),
('56','56','LADA','Vesta','Внедорожник','Автоматическая','Электро','Задний','0.4','1982','34338','480000','75'),
('57','57','Ford','quis','Минивэн','Механическая','Дизель','Полный','3.2','2001','204380','959393','147'),
('58','58','Mercedes-Benz','iste','Минивэн','Вариатор','Гибрид','Полный','4.5','2010','481198','1174008','258'),
('59','59','Opel','hic','Хэтчбек','Робот','Бензин','Задний','2.4','2008','411472','1417297','60'),
('60','60','Suzuki','reiciendis','Хэтчбек','Автоматическая','Бензин','Полный','3.6','1999','291321','1313612','272'),
('61','1','Toyota','voluptas','Хэтчбек','Автоматическая','Бензин','Полный','0.2','2013','214047','146561','124'),
('62','62','Ford','nostrum','Пикап','Автоматическая','Гибрид','Задний','9.0','1987','118182','1949282','219'),
('63','63','LADA','Granta','Купе','Механическая','Гибрид','Передний','9.0','1997','189736','240000','138'),
('64','64','Skoda','facere','Универсал','Механическая','Дизель','Задний','2.4','1998','285735','105285','87'),
('65','65','GAZ','labore','Минивэн','Механическая','Дизель','Задний','3.6','1996','99423','97531','103'),
('66','66','Volkswagen','odit','Седан','Робот','Дизель','Полный','1.4','2005','464165','672611','104'),
('67','67','Jeep','incidunt','Кабриолет','Вариатор','Гибрид','Передний','10.0','2017','459463','1284095','289'),
('68','68','Honda','maxime','Фургон','Автоматическая','Электро','Задний','3.2','1995','472410','400045','142'),
('69','69','Mitsubishi','aut','Минивэн','Вариатор','Гибрид','Передний','4.5','1980','457064','193462','275'),
('70','70','Volvo','optio','Универсал','Автоматическая','Дизель','Задний','7.0','1999','423848','1023316','294'),
('71','1','Hyundai','sunt','Пикап','Робот','Гибрид','Передний','9.0','2010','261479','1677519','63'),
('72','72','Subaru','quia','Пикап','Механическая','Дизель','Передний','9.0','2002','477667','401863','147'),
('73','73','Peugeot','similique','Седан','Вариатор','Дизель','Полный','3.0','2000','288304','1733077','163'),
('74','74','Opel','accusantium','Фургон','Автоматическая','Электро','Задний','10.0','2000','169380','241716','223'),
('75','75','Mazda','excepturi','Кабриолет','Вариатор','Дизель','Передний','10.0','1981','206359','1313855','276'),
('76','76','Ford','repellat','Седан','Механическая','Бензин','Передний','0.2','2003','185996','1272460','230'),
('77','77','Volkswagen','dolores','Внедорожник','Механическая','Гибрид','Полный','2.6','1975','236872','220506','215'),
('78','78','Mazda','impedit','Седан','Механическая','Гибрид','Передний','1.6','2019','432677','1048442','220'),
('79','79','Mitsubishi','aspernatur','Фургон','Робот','Электро','Передний','3.4','1977','322490','475472','122'),
('80','80','Volkswagen','sit','Минивэн','Вариатор','Бензин','Передний','10.0','1971','350780','1825118','125'),
('81','1','Toyota','voluptatibus','Кабриолет','Автоматическая','Дизель','Задний','9.0','1971','475066','1601818','138'),
('82','82','LADA','2110','Лимузин','Робот','Бензин','Передний','5.5','2010','43056','610000','201'),
('83','83','Skoda','molestias','Седан','Робот','Гибрид','Передний','2.2','1991','79089','199952','120'),
('84','84','LADA','Kalina','Фургон','Механическая','Бензин','Задний','3.8','1979','349292','180000','137'),
('85','85','Jeep','ad','Универсал','Механическая','Гибрид','Передний','3.6','1976','300842','842662','150'),
('86','86','Toyota','autem','Седан','Автоматическая','Электро','Передний','3.0','1990','305770','1915947','162'),
('87','87','LADA','Vesta','Универсал','Вариатор','Дизель','Задний','1.6','1978','384261','615000','218'),
('88','88','Jeep','quo','Седан','Вариатор','Электро','Задний','1.2','1993','116738','248649','218'),
('89','89','Hyundai','aut','Хэтчбек','Вариатор','Электро','Передний','0.2','2003','196008','395488','295'),
('90','90','Lexus','rerum','Седан','Робот','Гибрид','Передний','2.4','1973','52221','1218352','293'),
('91','1','Skoda','inventore','Седан','Вариатор','Электро','Полный','2.6','1990','348726','147472','201'),
('92','92','LADA','2112','Универсал','Механическая','Бензин','Передний','5.0','1983','193076','375000','178'),
('93','93','Suzuki','in','Кабриолет','Робот','Гибрид','Задний','4.0','1987','370854','740526','294'),
('94','94','Jeep','cupiditate','Фургон','Вариатор','Электро','Передний','5.0','1982','157288','1082244','90'),
('95','95','Mercedes-Benz','aut','Минивэн','Робот','Гибрид','Передний','2.2','2014','485591','1454210','213'),
('96','96','GAZ','delectus','Внедорожник','Механическая','Бензин','Передний','6.0','2015','16778','706495','186'),
('97','97','Skoda','et','Лимузин','Автоматическая','Гибрид','Передний','2.6','1982','427313','1980895','176'),
('98','98','BMW','molestiae','Хэтчбек','Вариатор','Бензин','Полный','7.0','1983','259845','1950179','118'),
('99','99','Lexus','placeat','Минивэн','Робот','Электро','Полный','2.4','1999','482670','1999802','291'),
('100','100','SsangYong','aspernatur','Седан','Автоматическая','Гибрид','Передний','3.6','1994','64324','1626857','258'); 


DROP TABLE IF EXISTS `vehicle_car_service`;
CREATE TABLE `vehicle_car_service` (
  `vehicle_id` bigint(20) unsigned NOT NULL,
  `car_service_id` bigint(20) unsigned NOT NULL,
  PRIMARY KEY (`vehicle_id`,`car_service_id`),
  KEY `car_service_id` (`car_service_id`),
  CONSTRAINT `vehicle_car_service_ibfk_1` FOREIGN KEY (`vehicle_id`) REFERENCES `vehicle` (`id`),
  CONSTRAINT `vehicle_car_service_ibfk_2` FOREIGN KEY (`car_service_id`) REFERENCES `car_service` (`id`)
) ENGINE=InnoDB DEFAULT CHARSET=utf8 COLLATE=utf8_unicode_ci COMMENT='Связь между транспортным средством и автосервисом';

INSERT INTO `vehicle_car_service` VALUES ('1','1'),
('2','2'),
('3','3'),
('4','4'),
('5','5'),
('6','6'),
('7','7'),
('8','8'),
('9','9'),
('10','10'),
('11','11'),
('12','12'),
('13','13'),
('14','14'),
('15','15'),
('16','16'),
('17','17'),
('18','18'),
('19','19'),
('20','20'),
('21','21'),
('22','22'),
('23','23'),
('24','24'),
('25','25'),
('26','26'),
('27','27'),
('28','28'),
('29','29'),
('30','30'),
('31','31'),
('32','32'),
('33','33'),
('34','34'),
('35','35'),
('36','36'),
('37','37'),
('38','38'),
('39','39'),
('40','40'),
('41','41'),
('42','42'),
('43','43'),
('44','44'),
('45','45'),
('46','46'),
('47','47'),
('48','48'),
('49','49'),
('50','50'),
('51','51'),
('52','52'),
('53','53'),
('54','54'),
('55','55'),
('56','56'),
('57','57'),
('58','58'),
('59','59'),
('60','60'),
('61','61'),
('62','62'),
('63','63'),
('64','64'),
('65','65'),
('66','66'),
('67','67'),
('68','68'),
('69','69'),
('70','70'),
('71','71'),
('72','72'),
('73','73'),
('74','74'),
('75','75'),
('76','76'),
('77','77'),
('78','78'),
('79','79'),
('80','80'),
('81','81'),
('82','82'),
('83','83'),
('84','84'),
('85','85'),
('86','86'),
('87','87'),
('88','88'),
('89','89'),
('90','90'),
('91','91'),
('92','92'),
('93','93'),
('94','94'),
('95','95'),
('96','96'),
('97','97'),
('98','98'),
('99','99'),
('100','100'); 


DROP TABLE IF EXISTS `vehicle_expert`;
CREATE TABLE `vehicle_expert` (
  `vehicle_id` bigint(20) unsigned NOT NULL,
  `expert_id` bigint(20) unsigned NOT NULL,
  PRIMARY KEY (`vehicle_id`,`expert_id`),
  KEY `expert_id` (`expert_id`),
  CONSTRAINT `vehicle_expert_ibfk_1` FOREIGN KEY (`vehicle_id`) REFERENCES `vehicle` (`id`),
  CONSTRAINT `vehicle_expert_ibfk_2` FOREIGN KEY (`expert_id`) REFERENCES `expert` (`id`)
) ENGINE=InnoDB DEFAULT CHARSET=utf8 COLLATE=utf8_unicode_ci COMMENT='Связь между транспортным средством и автоэкспертом';

INSERT INTO `vehicle_expert` VALUES ('1','1'),
('2','2'),
('3','3'),
('4','4'),
('5','5'),
('6','6'),
('7','7'),
('8','8'),
('9','9'),
('10','10'),
('11','11'),
('12','12'),
('13','13'),
('14','14'),
('15','15'),
('16','16'),
('17','17'),
('18','18'),
('19','19'),
('20','20'),
('21','21'),
('22','22'),
('23','23'),
('24','24'),
('25','25'),
('26','26'),
('27','27'),
('28','28'),
('29','29'),
('30','30'),
('31','31'),
('32','32'),
('33','33'),
('34','34'),
('35','35'),
('36','36'),
('37','37'),
('38','38'),
('39','39'),
('40','40'),
('41','41'),
('42','42'),
('43','43'),
('44','44'),
('45','45'),
('46','46'),
('47','47'),
('48','48'),
('49','49'),
('50','50'),
('51','51'),
('52','52'),
('53','53'),
('54','54'),
('55','55'),
('56','56'),
('57','57'),
('58','58'),
('59','59'),
('60','60'),
('61','61'),
('62','62'),
('63','63'),
('64','64'),
('65','65'),
('66','66'),
('67','67'),
('68','68'),
('69','69'),
('70','70'),
('71','71'),
('72','72'),
('73','73'),
('74','74'),
('75','75'),
('76','76'),
('77','77'),
('78','78'),
('79','79'),
('80','80'),
('81','81'),
('82','82'),
('83','83'),
('84','84'),
('85','85'),
('86','86'),
('87','87'),
('88','88'),
('89','89'),
('90','90'),
('91','91'),
('92','92'),
('93','93'),
('94','94'),
('95','95'),
('96','96'),
('97','97'),
('98','98'),
('99','99'),
('100','100'); 


DROP TABLE IF EXISTS `vehicle_spare_part`;
CREATE TABLE `vehicle_spare_part` (
  `vehicle_id` bigint(20) unsigned NOT NULL,
  `spare_part_id` bigint(20) unsigned NOT NULL,
  PRIMARY KEY (`vehicle_id`,`spare_part_id`),
  KEY `spare_part_id` (`spare_part_id`),
  CONSTRAINT `vehicle_spare_part_ibfk_1` FOREIGN KEY (`vehicle_id`) REFERENCES `vehicle` (`id`),
  CONSTRAINT `vehicle_spare_part_ibfk_2` FOREIGN KEY (`spare_part_id`) REFERENCES `spare_part` (`id`)
) ENGINE=InnoDB DEFAULT CHARSET=utf8 COLLATE=utf8_unicode_ci COMMENT='Связь между транспортным средством и запчастями';

INSERT INTO `vehicle_spare_part` VALUES ('1','1'),
('2','2'),
('3','3'),
('4','4'),
('5','5'),
('6','6'),
('7','7'),
('8','8'),
('9','9'),
('10','10'),
('11','11'),
('12','12'),
('13','13'),
('14','14'),
('15','15'),
('16','16'),
('17','17'),
('18','18'),
('19','19'),
('20','20'),
('21','21'),
('22','22'),
('23','23'),
('24','24'),
('25','25'),
('26','26'),
('27','27'),
('28','28'),
('29','29'),
('30','30'),
('31','31'),
('32','32'),
('33','33'),
('34','34'),
('35','35'),
('36','36'),
('37','37'),
('38','38'),
('39','39'),
('40','40'),
('41','41'),
('42','42'),
('43','43'),
('44','44'),
('45','45'),
('46','46'),
('47','47'),
('48','48'),
('49','49'),
('50','50'),
('51','51'),
('52','52'),
('53','53'),
('54','54'),
('55','55'),
('56','56'),
('57','57'),
('58','58'),
('59','59'),
('60','60'),
('61','61'),
('62','62'),
('63','63'),
('64','64'),
('65','65'),
('66','66'),
('67','67'),
('68','68'),
('69','69'),
('70','70'),
('71','71'),
('72','72'),
('73','73'),
('74','74'),
('75','75'),
('76','76'),
('77','77'),
('78','78'),
('79','79'),
('80','80'),
('81','81'),
('82','82'),
('83','83'),
('84','84'),
('85','85'),
('86','86'),
('87','87'),
('88','88'),
('89','89'),
('90','90'),
('91','91'),
('92','92'),
('93','93'),
('94','94'),
('95','95'),
('96','96'),
('97','97'),
('98','98'),
('99','99'),
('100','100'); 




/*!40101 SET SQL_MODE=@OLD_SQL_MODE */;
/*!40014 SET FOREIGN_KEY_CHECKS=@OLD_FOREIGN_KEY_CHECKS */;
/*!40014 SET UNIQUE_CHECKS=@OLD_UNIQUE_CHECKS */;
/*!40101 SET CHARACTER_SET_CLIENT=@OLD_CHARACTER_SET_CLIENT */;
/*!40101 SET CHARACTER_SET_RESULTS=@OLD_CHARACTER_SET_RESULTS */;
/*!40101 SET COLLATION_CONNECTION=@OLD_COLLATION_CONNECTION */;
/*!40111 SET SQL_NOTES=@OLD_SQL_NOTES */;

