/*
Заполнить все таблицы БД vk данными (по 10-100 записей в каждой таблице)
 */


-- Generation time: Thu, 30 Jan 2020 17:22:44 +0000
-- Host: mysql.hostinger.ro
-- DB name: u574849695_19
/*!40030 SET NAMES UTF8 */;
/*!40101 SET @OLD_CHARACTER_SET_CLIENT=@@CHARACTER_SET_CLIENT */;
/*!40101 SET @OLD_CHARACTER_SET_RESULTS=@@CHARACTER_SET_RESULTS */;
/*!40101 SET @OLD_COLLATION_CONNECTION=@@COLLATION_CONNECTION */;
/*!40103 SET @OLD_TIME_ZONE=@@TIME_ZONE */;
/*!40103 SET TIME_ZONE='+00:00' */;
/*!40014 SET @OLD_UNIQUE_CHECKS=@@UNIQUE_CHECKS, UNIQUE_CHECKS=0 */;
/*!40014 SET @OLD_FOREIGN_KEY_CHECKS=@@FOREIGN_KEY_CHECKS, FOREIGN_KEY_CHECKS=0 */;
/*!40101 SET @OLD_SQL_MODE=@@SQL_MODE, SQL_MODE='NO_AUTO_VALUE_ON_ZERO' */;
/*!40111 SET @OLD_SQL_NOTES=@@SQL_NOTES, SQL_NOTES=0 */;

DROP TABLE IF EXISTS `communities`;
CREATE TABLE `communities` (
  `id` bigint(20) unsigned NOT NULL AUTO_INCREMENT,
  `name` varchar(150) COLLATE utf8_unicode_ci DEFAULT NULL,
  PRIMARY KEY (`id`),
  KEY `communities_name_idx` (`name`)
) ENGINE=InnoDB AUTO_INCREMENT=101 DEFAULT CHARSET=utf8 COLLATE=utf8_unicode_ci COMMENT='Сообщества';

INSERT INTO `communities` VALUES ('98','a'),
('49','ad'),
('91','adipisci'),
('8','amet'),
('29','asperiores'),
('63','assumenda'),
('16','aut'),
('61','beatae'),
('83','blanditiis'),
('88','blanditiis'),
('15','commodi'),
('99','consectetur'),
('67','consequatur'),
('9','corrupti'),
('89','cum'),
('2','cumque'),
('52','cupiditate'),
('68','deserunt'),
('54','doloremque'),
('22','dolores'),
('25','dolores'),
('12','dolorum'),
('59','dolorum'),
('66','dolorum'),
('84','ea'),
('92','ea'),
('64','enim'),
('75','enim'),
('94','error'),
('21','et'),
('31','et'),
('36','et'),
('44','et'),
('71','et'),
('72','et'),
('73','et'),
('90','et'),
('14','eum'),
('62','exercitationem'),
('74','exercitationem'),
('97','explicabo'),
('11','facilis'),
('34','facilis'),
('17','fuga'),
('37','fuga'),
('79','fugit'),
('78','in'),
('13','inventore'),
('33','ipsam'),
('32','labore'),
('53','laboriosam'),
('20','laborum'),
('24','laudantium'),
('86','libero'),
('100','magnam'),
('42','maiores'),
('45','minima'),
('27','molestiae'),
('93','molestiae'),
('69','natus'),
('50','necessitatibus'),
('70','necessitatibus'),
('19','nihil'),
('46','nobis'),
('55','non'),
('26','officia'),
('5','omnis'),
('7','omnis'),
('47','omnis'),
('81','omnis'),
('1','quae'),
('96','quae'),
('6','qui'),
('18','qui'),
('77','quibusdam'),
('28','quisquam'),
('48','quo'),
('23','ratione'),
('43','ratione'),
('85','reiciendis'),
('41','repellendus'),
('40','reprehenderit'),
('30','repudiandae'),
('65','sapiente'),
('35','sint'),
('82','sint'),
('95','sit'),
('4','sunt'),
('58','sunt'),
('39','tenetur'),
('57','totam'),
('80','totam'),
('3','ullam'),
('60','unde'),
('10','ut'),
('51','ut'),
('56','ut'),
('76','vero'),
('38','voluptas'),
('87','voluptatum'); 


DROP TABLE IF EXISTS `friend_requests`;
CREATE TABLE `friend_requests` (
  `initiator_user_id` bigint(20) unsigned NOT NULL,
  `target_user_id` bigint(20) unsigned NOT NULL,
  `status` enum('requested','approved','unfriended','declined') COLLATE utf8_unicode_ci DEFAULT NULL,
  `requested_at` datetime DEFAULT current_timestamp(),
  `confirmed_at` datetime DEFAULT NULL,
  PRIMARY KEY (`initiator_user_id`,`target_user_id`),
  KEY `initiator_user_id` (`initiator_user_id`),
  KEY `target_user_id` (`target_user_id`),
  CONSTRAINT `friend_requests_ibfk_1` FOREIGN KEY (`initiator_user_id`) REFERENCES `users` (`id`),
  CONSTRAINT `friend_requests_ibfk_2` FOREIGN KEY (`target_user_id`) REFERENCES `users` (`id`)
) ENGINE=InnoDB DEFAULT CHARSET=utf8 COLLATE=utf8_unicode_ci COMMENT='Запросы в друзья';

INSERT INTO `friend_requests` VALUES ('1','1','','1970-11-28 15:33:41','1979-09-05 11:49:37'),
('2','2','','1992-07-17 00:11:38','1975-11-10 14:27:22'),
('3','3','','1992-09-13 22:06:08','1994-06-25 01:09:12'),
('4','4','','2014-06-13 15:42:09','2003-06-02 13:32:08'),
('5','5','','2013-04-26 16:06:37','1994-05-16 10:36:50'),
('6','6','','1998-10-02 13:17:25','2019-12-31 12:03:43'),
('7','7','','1983-10-12 22:16:01','1997-08-05 05:59:54'),
('8','8','','1986-01-12 14:41:28','1995-07-09 07:43:51'),
('9','9','','2003-01-13 13:32:36','1975-01-04 08:42:52'),
('10','10','','1983-02-02 13:58:16','1994-11-27 06:39:59'),
('11','11','','2014-04-24 11:31:14','2013-07-05 03:12:15'),
('12','12','','2014-09-12 03:51:14','1993-05-01 16:23:54'),
('13','13','','1974-05-06 10:51:56','1989-03-17 18:35:42'),
('14','14','','1993-09-03 21:26:41','1978-05-26 13:44:27'),
('15','15','','2019-05-02 06:13:59','2006-07-23 06:54:27'),
('16','16','','1990-05-12 03:54:35','1975-06-12 13:45:04'),
('17','17','','2003-01-23 20:58:22','2010-10-28 17:35:09'),
('18','18','','1978-05-17 07:34:51','1993-04-30 08:32:37'),
('19','19','','1975-06-02 05:47:01','2017-10-04 05:43:35'),
('20','20','','2014-09-07 07:33:35','2002-08-27 10:25:25'),
('21','21','','2004-11-18 04:19:24','1984-10-17 07:54:55'),
('22','22','','1973-08-12 03:09:12','2017-01-17 19:32:08'),
('23','23','','1972-06-13 04:12:49','2002-05-24 04:21:19'),
('24','24','','1994-05-30 11:28:49','1976-10-29 05:03:29'),
('25','25','','1982-06-29 13:26:09','1979-09-12 12:17:23'),
('26','26','','2003-07-01 11:06:05','2018-06-22 18:08:22'),
('27','27','','2018-02-07 18:21:15','1983-11-02 03:23:51'),
('28','28','','1972-12-09 13:53:51','2016-05-27 01:39:29'),
('29','29','','2018-03-18 14:02:33','1981-03-29 09:37:49'),
('30','30','','1980-04-12 19:36:57','1990-06-15 07:08:28'),
('31','31','','1971-01-18 08:55:55','2014-11-29 08:31:05'),
('32','32','','2014-08-15 18:05:15','1985-12-15 08:44:14'),
('33','33','','2008-11-01 00:55:19','1986-01-04 18:32:20'),
('34','34','','1973-04-08 10:31:39','1990-09-12 04:26:26'),
('35','35','','1980-07-14 13:30:41','1995-02-06 16:40:55'),
('36','36','','2019-10-19 00:35:40','2001-11-22 17:36:53'),
('37','37','','1988-11-21 09:45:01','2009-09-26 23:09:20'),
('38','38','','1974-09-18 10:56:48','1981-11-11 11:56:05'),
('39','39','','1988-04-27 08:28:32','1982-08-04 23:31:23'),
('40','40','','1974-10-26 12:39:31','1998-05-14 14:22:24'),
('41','41','','1984-09-28 04:13:57','2012-07-06 06:51:46'),
('42','42','','2006-11-05 09:57:59','1997-10-16 21:24:47'),
('43','43','','2014-07-01 16:41:21','2010-10-24 22:16:44'),
('44','44','','2002-08-30 04:34:40','2009-05-06 17:14:28'),
('45','45','','2010-07-20 21:51:02','2010-11-09 21:33:17'),
('46','46','','2016-08-02 04:11:44','1975-07-12 00:03:29'),
('47','47','','2010-10-16 11:40:45','1989-01-29 02:19:18'),
('48','48','','1994-12-28 19:47:50','1999-11-15 00:54:58'),
('49','49','','2018-11-07 07:26:23','2015-08-23 05:29:51'),
('50','50','','1995-05-05 21:02:00','2003-03-18 12:42:58'),
('51','51','','2011-04-28 22:45:27','2018-09-01 12:33:46'),
('52','52','','1975-08-25 00:22:35','2003-02-17 23:02:46'),
('53','53','','1982-08-24 17:59:33','1976-01-19 05:16:46'),
('54','54','','1992-09-07 22:48:52','1971-09-15 04:41:18'),
('55','55','','1983-03-08 08:15:06','1997-04-23 07:01:16'),
('56','56','','1986-12-17 18:41:35','1990-05-07 19:29:00'),
('57','57','','2004-11-06 23:52:31','2019-02-07 15:27:25'),
('58','58','','2013-10-01 07:33:45','2001-07-14 20:11:40'),
('59','59','','1970-10-13 12:41:22','1973-03-09 02:25:37'),
('60','60','','2012-09-06 05:06:48','2012-02-26 15:22:16'),
('61','61','','2014-07-17 13:55:12','1990-04-17 14:54:52'),
('62','62','','2017-07-27 02:43:09','2010-02-15 03:42:37'),
('63','63','','2019-11-03 18:43:52','1991-01-12 12:06:32'),
('64','64','','1984-02-21 19:47:24','1978-11-27 02:09:39'),
('65','65','','1989-01-11 16:59:59','2008-04-10 21:38:11'),
('66','66','','1996-09-29 20:02:12','1999-04-01 23:00:51'),
('67','67','','2003-08-05 06:16:15','1988-12-26 01:10:50'),
('68','68','','2011-11-23 01:47:19','2009-08-16 08:26:15'),
('69','69','','2010-08-23 07:08:22','1994-11-07 19:28:07'),
('70','70','','2002-09-24 14:11:17','1987-08-22 03:34:20'),
('71','71','','2017-05-14 16:50:58','2000-07-17 09:11:19'),
('72','72','','1991-01-22 16:18:48','2006-08-17 11:32:16'),
('73','73','','2013-02-04 16:29:14','1972-02-25 01:54:47'),
('74','74','','1993-12-10 17:20:04','1984-07-26 18:50:21'),
('75','75','','2005-09-02 08:11:55','1978-02-02 16:00:58'),
('76','76','','2019-03-13 18:49:47','2017-01-09 20:57:43'),
('77','77','','1997-08-11 00:25:59','1992-04-28 15:31:57'),
('78','78','','1986-11-04 18:14:57','1995-10-27 09:29:12'),
('79','79','','2001-01-23 04:41:53','1983-12-20 05:11:50'),
('80','80','','2003-06-18 17:21:30','1981-03-21 01:13:47'),
('81','81','','1970-05-09 18:44:16','1978-09-11 08:24:57'),
('82','82','','1977-01-19 18:53:14','2015-09-19 10:28:21'),
('83','83','','1980-09-13 15:04:32','1979-05-12 14:02:32'),
('84','84','','1986-04-05 04:54:39','2004-12-03 12:39:53'),
('85','85','','2019-08-13 10:24:50','2008-06-13 10:47:11'),
('86','86','','1973-06-26 08:25:49','2015-01-18 19:48:46'),
('87','87','','2013-12-23 11:31:14','1987-06-25 00:17:35'),
('88','88','','1985-10-11 06:44:50','1970-08-29 23:55:02'),
('89','89','','1971-03-23 20:42:52','1977-12-30 15:54:52'),
('90','90','','1993-06-29 15:38:03','1971-08-03 20:27:35'),
('91','91','','2011-10-18 06:20:01','2009-02-19 03:14:56'),
('92','92','','2004-09-16 11:43:01','1974-01-09 07:58:07'),
('93','93','','1975-10-03 17:52:07','2016-08-21 19:20:24'),
('94','94','','1981-03-08 13:15:08','2018-01-04 23:25:56'),
('95','95','','1995-01-06 20:56:32','1995-11-18 23:27:27'),
('96','96','','1971-09-12 11:42:49','1974-11-24 04:14:11'),
('97','97','','1973-05-02 09:32:49','1982-05-10 17:19:43'),
('98','98','','2007-02-07 16:56:16','2002-06-20 20:58:56'),
('99','99','','2016-03-03 18:09:30','2018-01-15 12:14:08'),
('100','100','','1977-09-25 06:13:36','1971-05-10 11:50:41'); 


DROP TABLE IF EXISTS `likes`;
CREATE TABLE `likes` (
  `id` bigint(20) unsigned NOT NULL AUTO_INCREMENT,
  `user_id` bigint(20) unsigned NOT NULL,
  `media_id` bigint(20) unsigned NOT NULL,
  `created_at` datetime DEFAULT current_timestamp(),
  PRIMARY KEY (`id`),
  KEY `user_id` (`user_id`),
  KEY `media_id` (`media_id`),
  CONSTRAINT `likes_ibfk_1` FOREIGN KEY (`user_id`) REFERENCES `users` (`id`),
  CONSTRAINT `likes_ibfk_2` FOREIGN KEY (`media_id`) REFERENCES `media` (`id`)
) ENGINE=InnoDB AUTO_INCREMENT=101 DEFAULT CHARSET=utf8 COLLATE=utf8_unicode_ci COMMENT='Лайки';

INSERT INTO `likes` VALUES ('1','1','1','1975-03-11 05:28:04'),
('2','2','2','1977-05-22 03:53:50'),
('3','3','3','2018-04-16 13:47:03'),
('4','4','4','1970-01-16 15:01:54'),
('5','5','5','1988-07-26 14:37:19'),
('6','6','6','2013-12-25 09:11:02'),
('7','7','7','1982-09-24 00:57:08'),
('8','8','8','2014-11-08 05:11:50'),
('9','9','9','1971-11-25 10:59:49'),
('10','10','10','1993-06-29 01:59:37'),
('11','11','11','2008-11-14 03:22:47'),
('12','12','12','2000-02-08 14:21:09'),
('13','13','13','1984-07-31 10:36:57'),
('14','14','14','2015-10-24 21:31:34'),
('15','15','15','2010-12-21 03:23:37'),
('16','16','16','2012-12-13 21:22:53'),
('17','17','17','1995-12-10 01:25:51'),
('18','18','18','1987-01-05 05:32:39'),
('19','19','19','1993-03-24 23:20:02'),
('20','20','20','2014-07-03 23:58:02'),
('21','21','21','2019-05-16 08:25:12'),
('22','22','22','2004-02-11 18:57:24'),
('23','23','23','2010-12-11 10:30:06'),
('24','24','24','1993-10-25 12:14:26'),
('25','25','25','1996-07-28 14:34:41'),
('26','26','26','1981-11-09 03:22:59'),
('27','27','27','2005-09-15 10:09:29'),
('28','28','28','1988-04-03 05:03:28'),
('29','29','29','1994-11-13 16:31:17'),
('30','30','30','2016-08-23 00:37:46'),
('31','31','31','1981-11-20 00:30:25'),
('32','32','32','2004-01-31 09:30:50'),
('33','33','33','2013-07-24 10:10:26'),
('34','34','34','1994-01-05 06:07:10'),
('35','35','35','2006-02-03 17:29:36'),
('36','36','36','2006-02-21 17:15:40'),
('37','37','37','1983-10-22 18:10:40'),
('38','38','38','2007-03-26 12:23:32'),
('39','39','39','2004-08-24 02:54:03'),
('40','40','40','2011-03-17 06:28:55'),
('41','41','41','2005-11-01 12:31:39'),
('42','42','42','1998-09-12 18:35:02'),
('43','43','43','1996-06-04 00:12:56'),
('44','44','44','2011-10-30 20:00:54'),
('45','45','45','1979-05-19 19:27:20'),
('46','46','46','2016-11-27 09:34:01'),
('47','47','47','2011-02-16 07:18:01'),
('48','48','48','2004-09-08 22:59:06'),
('49','49','49','1997-11-20 01:25:38'),
('50','50','50','2011-10-13 11:04:46'),
('51','51','51','2013-04-21 05:04:14'),
('52','52','52','1982-10-04 04:27:10'),
('53','53','53','2019-07-25 13:48:30'),
('54','54','54','1987-11-14 17:50:35'),
('55','55','55','2010-06-26 02:26:03'),
('56','56','56','2006-12-11 11:37:34'),
('57','57','57','1976-07-05 09:30:50'),
('58','58','58','1972-06-22 14:07:26'),
('59','59','59','1995-01-29 09:35:27'),
('60','60','60','2004-08-07 18:41:19'),
('61','61','61','1986-03-27 06:56:57'),
('62','62','62','1977-12-19 11:03:41'),
('63','63','63','2019-01-22 17:45:25'),
('64','64','64','1987-05-08 14:13:18'),
('65','65','65','1978-06-20 04:28:34'),
('66','66','66','1999-01-30 12:51:08'),
('67','67','67','1984-08-15 13:17:17'),
('68','68','68','1997-01-11 17:37:09'),
('69','69','69','1999-11-27 10:51:12'),
('70','70','70','1987-10-23 08:45:35'),
('71','71','71','2017-02-15 22:46:44'),
('72','72','72','2019-09-08 13:55:11'),
('73','73','73','1987-02-19 02:38:24'),
('74','74','74','2019-06-12 15:04:34'),
('75','75','75','1975-02-27 15:49:12'),
('76','76','76','2010-05-26 09:47:58'),
('77','77','77','1988-09-28 18:50:53'),
('78','78','78','2016-04-30 17:34:09'),
('79','79','79','2009-01-05 12:40:38'),
('80','80','80','1973-06-25 08:43:55'),
('81','81','81','1976-02-25 08:28:09'),
('82','82','82','1991-01-31 21:36:34'),
('83','83','83','2002-05-26 15:09:58'),
('84','84','84','2015-09-16 18:53:07'),
('85','85','85','1973-06-04 20:52:33'),
('86','86','86','1983-01-29 23:49:29'),
('87','87','87','1971-01-26 22:18:43'),
('88','88','88','1975-01-01 19:49:49'),
('89','89','89','1997-02-01 07:23:04'),
('90','90','90','1972-06-02 20:48:39'),
('91','91','91','1982-12-07 00:51:40'),
('92','92','92','1975-07-20 10:59:20'),
('93','93','93','1991-10-15 10:18:42'),
('94','94','94','1988-10-21 08:38:06'),
('95','95','95','2011-03-04 22:48:19'),
('96','96','96','1970-10-24 21:47:00'),
('97','97','97','1986-08-08 19:58:11'),
('98','98','98','1997-01-10 04:19:41'),
('99','99','99','1990-07-28 10:39:15'),
('100','100','100','1991-02-28 18:12:30'); 


DROP TABLE IF EXISTS `media`;
CREATE TABLE `media` (
  `id` bigint(20) unsigned NOT NULL AUTO_INCREMENT,
  `media_type_id` bigint(20) unsigned NOT NULL,
  `user_id` bigint(20) unsigned NOT NULL,
  `body` text COLLATE utf8_unicode_ci DEFAULT NULL,
  `filename` varchar(255) COLLATE utf8_unicode_ci DEFAULT NULL,
  `size` int(11) DEFAULT NULL,
  `metadata` longtext CHARACTER SET utf8mb4 COLLATE utf8mb4_bin DEFAULT NULL,
  `created_at` datetime DEFAULT current_timestamp(),
  `updated_at` datetime DEFAULT current_timestamp() ON UPDATE current_timestamp(),
  PRIMARY KEY (`id`),
  KEY `user_id` (`user_id`),
  KEY `media_type_id` (`media_type_id`),
  CONSTRAINT `media_ibfk_1` FOREIGN KEY (`user_id`) REFERENCES `users` (`id`),
  CONSTRAINT `media_ibfk_2` FOREIGN KEY (`media_type_id`) REFERENCES `media_types` (`id`)
) ENGINE=InnoDB AUTO_INCREMENT=101 DEFAULT CHARSET=utf8 COLLATE=utf8_unicode_ci COMMENT='Новости';

INSERT INTO `media` VALUES ('1','1','1','Facere rerum provident nostrum omnis voluptatem a dolor iusto. Cupiditate nobis vel voluptatibus amet. Deleniti expedita occaecati dolorem quia dolorem similique odio. Dolorem velit voluptatem sed. Et omnis voluptatum aut sint ut sapiente.','consequatur','56',NULL,'1992-10-23 21:38:21','2006-04-08 13:04:30'),
('2','2','2','Voluptas natus impedit ab. Maxime vel eos eius perferendis ea quo. Quidem maxime similique accusantium ut repudiandae placeat tempore. Magni laudantium repellendus voluptatem vero corrupti. Animi maiores fuga nostrum nesciunt quia totam quod quia.','numquam','310',NULL,'2002-10-06 03:03:25','2001-10-29 14:08:19'),
('3','3','3','Explicabo architecto dolores fugit tempore velit consequatur odit. Ducimus vel et aut occaecati. Expedita numquam culpa atque molestias fugit.','odio','3827',NULL,'1999-05-05 11:38:26','1973-04-17 16:48:06'),
('4','4','4','Vero delectus repudiandae explicabo eius qui qui molestiae. Doloremque non nemo quia ut sint omnis consequatur odio. Aut voluptatem repellat qui voluptatem qui et ea. Neque doloremque et ratione alias aut.','tenetur','771549109',NULL,'1990-07-09 20:06:58','2016-07-24 19:40:31'),
('5','5','5','Ab nostrum qui aut in natus sunt. Aliquid in repellendus ea vel fugit temporibus ut. Aut aut necessitatibus corrupti voluptatem. Quidem magnam itaque corporis.','est','404',NULL,'1972-01-16 07:29:48','1975-11-30 15:14:10'),
('6','6','6','Maxime qui et repudiandae molestias accusamus commodi reprehenderit. Soluta eius tempora laborum cupiditate. Doloribus tempore error culpa.','similique','74',NULL,'2015-01-20 16:07:02','1971-07-30 20:40:40'),
('7','7','7','Ullam velit enim est voluptatibus recusandae sapiente. Et laudantium provident est quia. Dolores porro maiores possimus est praesentium cum vel qui. Esse veniam quisquam necessitatibus libero voluptatem voluptate impedit omnis. Temporibus doloremque cum porro optio autem velit officia.','ad','0',NULL,'2009-01-28 09:12:51','2010-10-30 16:16:18'),
('8','8','8','Ullam tempora officia distinctio quos eligendi debitis eos. Magni numquam animi magnam labore inventore officiis. Sequi distinctio et vel exercitationem est neque.','qui','90',NULL,'1971-11-09 01:41:34','1973-03-15 01:14:21'),
('9','9','9','Nam necessitatibus neque sapiente aut at sit. Reprehenderit occaecati fugiat quae sunt. Porro aliquam quod accusantium nam.','ea','0',NULL,'1992-08-17 01:29:05','1989-03-28 16:51:19'),
('10','10','10','Praesentium aut occaecati est voluptas. Vero ex qui qui ut. Harum cupiditate amet dolorem.','consequatur','0',NULL,'1976-09-07 16:08:37','1984-10-28 10:57:19'),
('11','11','11','Necessitatibus voluptatem sed voluptatibus in. Ea eum ex ullam est aut laboriosam. Mollitia aut ut sit aspernatur.','minima','99639',NULL,'1999-02-09 00:03:01','1992-07-08 03:02:16'),
('12','12','12','Esse cum perspiciatis et dolores. Ab sed voluptas ipsa. Pariatur velit labore ea pariatur.','modi','3',NULL,'2017-03-05 14:40:45','1986-04-23 01:05:20'),
('13','13','13','Veniam in et nihil rerum porro nulla est et. Magni animi quia quis eos sit. Eveniet ea neque adipisci eum nobis et est. Voluptatum sunt id repellendus voluptas in est dolor.','dolorem','940158',NULL,'2005-06-20 04:25:07','2006-01-01 14:24:01'),
('14','14','14','Magnam voluptatem eveniet voluptates in. Eligendi qui distinctio minima quidem est. Dolores qui maiores sit sit.','officia','0',NULL,'1986-10-09 00:50:55','2007-04-27 08:25:30'),
('15','15','15','Velit quisquam ab aut sed perspiciatis. Quasi consequatur officiis aut unde ut repudiandae et non.','molestiae','7',NULL,'2000-12-30 14:37:01','2000-10-11 02:56:15'),
('16','16','16','Voluptatibus accusamus non excepturi temporibus. Et aperiam quod veniam. Voluptatem facilis vel sed odio. Et voluptatem tenetur aut a qui ea eaque.','qui','88470',NULL,'2014-07-25 11:21:50','1973-08-30 17:23:15'),
('17','17','17','Sequi aperiam fugiat quo et. Voluptate est placeat beatae. Doloribus officia fuga incidunt qui molestiae id illo.','ipsam','22541785',NULL,'1996-06-13 18:13:58','2004-05-31 17:00:20'),
('18','18','18','Expedita corporis vel dolore ad aut a exercitationem praesentium. Quis reiciendis neque ut laudantium animi maiores minus. Quis ratione natus voluptate nihil deleniti. Qui non inventore ratione reiciendis vel in.','repudiandae','936',NULL,'1993-02-17 09:02:06','2015-08-06 06:05:21'),
('19','19','19','Reprehenderit rem voluptate doloribus repellendus voluptates voluptatem aut soluta. Error et sunt molestiae atque rem quia laudantium. Et et est ipsam non vel quia consectetur. Molestias quisquam laudantium quis sed et voluptatem a.','officiis','49901',NULL,'2002-03-21 04:15:37','1994-01-21 17:05:51'),
('20','20','20','Expedita quo voluptas et nemo accusantium culpa sint. Accusantium rem rem ut sint cum.','id','613736',NULL,'1991-12-02 00:51:23','1979-06-14 15:06:15'),
('21','21','21','Quasi velit dolores nam tempore animi. Dolores praesentium ex deserunt qui nisi fuga. Est quod quia atque vel omnis repudiandae eum. Debitis omnis quia et.','quae','32607821',NULL,'1977-12-19 21:18:20','2001-04-26 17:42:46'),
('22','22','22','Et sunt nostrum dolore quas eum. Atque facere officia hic occaecati. Quasi est velit aut omnis quia aperiam sapiente.','optio','2016',NULL,'1994-02-18 08:08:49','2003-07-25 21:31:39'),
('23','23','23','Quae enim suscipit et eum consequatur et. Consequatur hic debitis sit impedit consectetur. Numquam est necessitatibus modi incidunt qui quod. Ipsa nam alias rerum at. Distinctio harum qui et amet necessitatibus quaerat illo.','totam','13',NULL,'2018-12-22 05:13:41','1990-01-04 07:47:39'),
('24','24','24','Assumenda incidunt sint ut est. Animi aut et quis consequuntur. Molestiae non est occaecati.','id','568',NULL,'1974-04-24 11:35:25','1985-05-21 12:17:20'),
('25','25','25','Qui veniam maxime et voluptatem libero sed. Nobis assumenda voluptatem facere dignissimos. Qui fuga porro totam ex sit.','molestiae','37003',NULL,'2012-01-07 23:29:33','1994-07-01 20:43:44'),
('26','26','26','Alias est necessitatibus consequatur voluptate. Occaecati id at quibusdam quia.','et','0',NULL,'2012-05-28 09:02:38','1975-10-05 04:12:01'),
('27','27','27','Ut quis aut consequatur iste. Quaerat dolor aut qui. Qui enim dolorem sit quae iste consequatur aut laborum.','exercitationem','9076',NULL,'2010-01-20 22:37:09','1973-08-21 05:01:07'),
('28','28','28','Dolores at hic provident. Voluptates laboriosam et debitis distinctio labore ut. Porro autem optio placeat sint eaque hic possimus. Occaecati quod dolorem beatae.','sapiente','36487068',NULL,'2017-06-17 10:44:03','2006-02-24 05:13:50'),
('29','29','29','Esse sed explicabo cum animi velit. Voluptatem quasi nobis ratione quasi. Fugit dolore deserunt repudiandae quia.','et','64',NULL,'1991-08-02 08:27:22','2000-06-10 11:22:15'),
('30','30','30','Sit sequi accusantium odit qui. Neque quo dolores dicta quia reprehenderit. Quis labore eaque ipsum veniam deleniti dolor.','voluptatibus','14',NULL,'2001-01-02 00:54:47','1984-05-08 11:37:57'),
('31','31','31','Eum sed voluptatibus sit consequatur earum consequatur. Consequatur deserunt cum tempora non vitae temporibus magni itaque. Nihil voluptatem facilis delectus consequatur consectetur explicabo harum. Nihil iusto eveniet excepturi aut quos.','minus','4',NULL,'2006-10-17 00:40:10','2005-01-12 22:28:25'),
('32','32','32','Ut aperiam et voluptatem ipsa quos libero. Expedita voluptate repudiandae deserunt. Quidem et voluptas ipsam eius iusto placeat. Ratione aut ullam odit nam qui dignissimos.','fuga','34',NULL,'1983-02-19 12:22:58','1985-11-24 05:18:41'),
('33','33','33','Sed et eligendi quia odio. Debitis debitis nemo qui sequi aut fugit explicabo. Quo quibusdam inventore eum eaque assumenda excepturi.','nam','4876872',NULL,'1980-02-16 05:54:23','1984-04-25 04:40:01'),
('34','34','34','Eveniet soluta possimus vel autem nemo recusandae sint. Temporibus libero molestiae qui fuga perferendis. Doloremque dolores et sit ut nam.','et','36249944',NULL,'2012-07-04 07:36:16','2019-05-26 21:01:17'),
('35','35','35','Quos nobis quia laboriosam ab repellendus ipsa velit. Aut non consequatur incidunt sed magnam praesentium aperiam. Eum molestias in officia odio corporis.','explicabo','0',NULL,'2010-08-20 13:19:55','1998-11-11 13:20:45'),
('36','36','36','Vel qui dolor dolorum iusto quaerat sed. Recusandae quod tempora cum velit. Error quis asperiores nisi illo autem magni ut molestias.','est','4813741',NULL,'1977-09-16 15:51:04','2001-01-20 18:38:38'),
('37','37','37','Eaque eos ab corporis voluptatem sed tempora maxime. Distinctio commodi quasi quod vitae. Molestiae qui non quis accusamus tempora maxime. Labore architecto itaque laudantium omnis neque molestiae officiis.','saepe','88878',NULL,'1975-05-09 21:51:58','1976-04-21 01:56:38'),
('38','38','38','Doloribus non repellendus veniam. Veritatis aut hic earum.','nihil','46310752',NULL,'1993-05-05 14:05:29','1971-09-17 19:43:39'),
('39','39','39','Perferendis et aperiam aut sed velit aut nulla. Fuga laudantium sint libero voluptatem qui culpa. Totam excepturi debitis quia magni nulla veritatis.','expedita','4',NULL,'2009-05-22 23:19:38','1980-05-23 16:54:03'),
('40','40','40','Pariatur omnis tempora sint quia dolorem perferendis animi. Dolorum fugit voluptatem numquam sed qui quae architecto animi. Est eius vitae facere nostrum aut sunt.','consequatur','0',NULL,'2001-06-02 18:54:07','1985-05-27 01:13:29'),
('41','41','41','Aut aperiam unde veniam id sint vel. Tenetur minima labore aut sed doloremque nobis. Quisquam et sapiente cumque saepe rem.','mollitia','65951',NULL,'1971-12-20 18:39:26','2007-08-31 09:18:13'),
('42','42','42','Praesentium iusto omnis impedit quis fugiat aut qui vel. Sequi voluptatem voluptas laborum. Non sint itaque aliquam alias cum.','voluptas','6901784',NULL,'1995-03-18 21:51:00','2012-03-02 05:20:07'),
('43','43','43','Nihil rerum consequuntur facere enim voluptatum iusto. Exercitationem omnis ex consectetur. Ut laudantium at ut illum omnis praesentium.','nemo','9',NULL,'2007-11-17 10:40:46','2003-06-01 16:34:17'),
('44','44','44','Et saepe at ut nulla. Dolorem consequatur nemo blanditiis itaque impedit autem quas quibusdam. Et voluptatibus quis expedita libero est ullam. Eum nisi ad explicabo quos et.','vel','3',NULL,'1995-03-26 03:33:14','1976-02-07 21:20:49'),
('45','45','45','Incidunt beatae aut possimus esse voluptatum aut amet. Laudantium odio ut dolorem. Est qui vitae possimus necessitatibus tempore ut. Labore fugiat esse aut culpa accusamus quos sed.','et','705509',NULL,'1998-08-07 20:37:27','1979-12-07 11:48:04'),
('46','46','46','Iure amet quia rerum asperiores. Qui voluptas ut fuga qui. Expedita dignissimos ad laudantium cupiditate quia. Qui tempore non et atque sunt magnam. Qui quia nemo autem sed.','modi','53650978',NULL,'2014-04-06 06:53:25','1977-06-02 19:58:56'),
('47','47','47','Doloribus quod aut culpa consequatur eos voluptatum consequatur. Officia consequatur in dolorem. Quisquam eum incidunt blanditiis consequatur voluptates earum. Nihil accusamus corporis alias sunt vitae.','ad','45',NULL,'2011-11-08 11:48:50','1994-05-08 21:34:56'),
('48','48','48','Nemo magnam aperiam aspernatur aut minus dolores debitis. Qui repellat ducimus qui voluptatem provident quis amet. In natus corrupti minima possimus consectetur repellat.','blanditiis','8',NULL,'2009-12-20 05:59:55','2008-04-10 13:10:59'),
('49','49','49','Amet architecto illum odio non voluptatem quia. Inventore autem at aut autem.','delectus','541',NULL,'1988-05-26 09:10:03','1972-01-27 16:06:31'),
('50','50','50','Accusamus debitis aut quod ipsa voluptatem et qui. Saepe deserunt quam ea tenetur nesciunt. Non soluta veniam consequatur voluptate accusamus ut harum. Sed iste quia aut sit aliquam eius quis iste.','esse','0',NULL,'1994-09-05 07:26:00','2006-08-14 21:15:56'),
('51','51','51','Placeat eveniet voluptatem quia recusandae nulla qui sint. Qui et asperiores quia iure. Nihil ut vel doloremque rem asperiores repellendus.','quaerat','896811108',NULL,'1983-12-20 14:51:44','2017-06-24 00:28:20'),
('52','52','52','Magnam aperiam occaecati et occaecati earum temporibus. Earum distinctio libero quia voluptatibus natus facilis.','rerum','6',NULL,'1999-04-06 21:42:04','2004-06-03 02:33:53'),
('53','53','53','Voluptate sapiente molestias explicabo eligendi consequatur itaque. Doloremque est ex temporibus ut aspernatur. Et voluptas ad quia odit optio quasi qui. Omnis facilis enim est est.','non','3',NULL,'1989-09-06 23:48:30','1989-12-09 05:21:56'),
('54','54','54','Non voluptas dolorem reprehenderit incidunt. Repudiandae officia iste quisquam est laborum sint ab. Sequi totam facilis unde aut autem officia. Voluptatem expedita facere aperiam.','eum','498537892',NULL,'2013-02-18 13:35:12','1978-09-09 18:12:29'),
('55','55','55','Similique et sint quis omnis laudantium dolorem nihil. Nihil fugit est voluptatibus molestiae. Voluptatem voluptatum sunt maiores laudantium.','quisquam','4597',NULL,'1996-11-01 12:36:13','1983-03-11 07:47:17'),
('56','56','56','Quam sint neque temporibus in velit animi. Dolorum et sit suscipit non sint. Optio explicabo pariatur cum delectus.','repudiandae','2842556',NULL,'1990-07-09 03:32:17','1995-03-12 16:39:31'),
('57','57','57','Pariatur adipisci non architecto inventore quae. Eos et blanditiis ducimus quis ut. Ut explicabo qui illo soluta rerum itaque necessitatibus.','odio','298',NULL,'1997-08-06 05:12:53','1979-05-14 22:48:46'),
('58','58','58','Est saepe dolor repudiandae nostrum sit amet suscipit magnam. Eum voluptatem non ipsum. Doloribus et maxime voluptatem sit voluptas. Et assumenda provident et sequi molestiae repudiandae.','et','8616',NULL,'1975-05-12 01:17:07','2006-07-18 23:25:05'),
('59','59','59','Velit vel odit aut sequi perferendis qui iusto qui. Quos et pariatur qui. At recusandae ducimus id dolores.','ipsum','165863641',NULL,'2005-03-09 17:01:26','1982-08-26 03:05:15'),
('60','60','60','Libero atque rerum eum dolorum temporibus quos. Amet aut officia maxime repellat aut mollitia. Saepe quibusdam illo sint ipsa totam ut.','est','57',NULL,'2006-10-13 18:38:23','1987-07-18 02:39:20'),
('61','61','61','Sequi quos nihil nostrum quam incidunt aut est. Iste illum sit quae cumque porro delectus possimus. Omnis iusto et nihil dignissimos. Officia et iusto veritatis sit voluptates totam.','optio','23',NULL,'1999-03-25 23:32:47','1988-04-27 00:37:15'),
('62','62','62','Esse ipsa omnis laboriosam voluptas aut et veniam. Saepe qui omnis harum consectetur quod perferendis omnis. Error corporis quaerat aut velit delectus. Ea optio cumque quia qui dolore voluptatum et.','rerum','5576549',NULL,'1978-03-29 04:54:21','2001-04-25 18:15:09'),
('63','63','63','Quia cupiditate eligendi magnam ut. Rem est ducimus est distinctio aliquid nesciunt optio. Dolorem incidunt sit iure illum pariatur.','praesentium','0',NULL,'1988-08-25 20:56:19','1996-07-09 14:50:17'),
('64','64','64','Optio magnam necessitatibus est praesentium dolorum tempore. Repellendus accusantium rerum quod exercitationem ratione. Ut molestiae non et qui delectus sapiente. Corporis qui delectus tenetur facilis.','quia','708230',NULL,'2015-09-22 13:30:47','2009-05-18 17:08:43'),
('65','65','65','Voluptatem repudiandae doloremque aut sed aspernatur. Ad possimus quos sit rerum quam debitis quo. Facere sint iure dolorem. Perferendis quod et vel inventore ipsam nihil. Distinctio voluptas sint et quo rerum dolorem.','vitae','1635730',NULL,'1998-06-06 06:06:44','1992-02-20 01:40:04'),
('66','66','66','Voluptas expedita totam adipisci veritatis officiis aspernatur. Ad reiciendis sequi incidunt nisi.','sit','8832',NULL,'1984-02-08 05:54:14','1981-06-07 03:25:25'),
('67','67','67','Ipsum consequatur ea quis sit repudiandae voluptate. Reiciendis nobis officia nulla eos maiores in. Maiores quia ratione nisi sit.','et','5',NULL,'2018-05-06 05:09:57','1984-12-11 01:29:15'),
('68','68','68','Aut reprehenderit tenetur minus ut consequatur est amet. Nihil quod voluptates aut officia dolores est iste. Maxime tenetur ea maxime et explicabo.','aut','8633',NULL,'1990-04-25 07:23:39','1975-06-11 04:22:35'),
('69','69','69','Ducimus et et consequatur perferendis. Doloremque officiis quam dolor aliquid quos repellendus. In sunt est et rerum ut consequatur et. Autem eaque atque est ipsum optio magnam.','voluptatem','746707',NULL,'1993-05-25 04:57:55','1971-02-23 09:01:12'),
('70','70','70','In consequatur ullam quibusdam. Iusto dolor earum explicabo tenetur aspernatur ab nam. Nobis sed est voluptate nulla laborum. Saepe aut recusandae libero eos aperiam a veniam. Sit sequi incidunt et odit.','sed','59349',NULL,'2020-01-11 14:41:19','2007-11-11 08:08:13'),
('71','71','71','Et maxime dolorem aliquam rerum et aperiam similique. Labore mollitia maiores mollitia est. Voluptas est reprehenderit unde sequi consequatur odio autem. Occaecati accusantium odit facilis.','placeat','365736',NULL,'1978-10-10 23:24:37','2002-10-31 15:02:38'),
('72','72','72','Est laudantium ducimus possimus ab. Ad consequatur est qui. Alias earum omnis perferendis a nihil explicabo.','omnis','4747',NULL,'1995-12-07 22:48:02','2006-02-13 13:35:45'),
('73','73','73','Beatae quod sint velit accusantium dolorem velit. Culpa minus rerum voluptas ipsa maxime cupiditate. Aperiam non rem et magnam perferendis adipisci vero. Magni accusamus qui molestiae fugit ea. Cum quaerat ad doloremque nisi distinctio distinctio.','distinctio','58469530',NULL,'2000-09-24 10:25:42','1983-07-24 23:29:48'),
('74','74','74','Minima quo commodi et vel nulla deserunt impedit qui. Ipsum voluptates excepturi voluptates et quo perspiciatis error. Est dolore eveniet quod nisi tempora. Veritatis iusto mollitia molestias saepe.','ipsa','5058',NULL,'1989-04-01 22:41:19','2003-03-20 16:56:28'),
('75','75','75','Ipsam accusamus non cumque aliquam ad rem. Nulla cumque molestiae earum qui. Laboriosam amet qui facilis pariatur nihil aut.','molestiae','48310860',NULL,'2005-11-27 08:03:11','2014-07-23 08:50:22'),
('76','76','76','Dolores culpa tempora officia ut. Labore ex vero fuga. At est repellat saepe explicabo et.','aut','73465685',NULL,'2014-07-09 14:09:37','2016-07-08 13:50:24'),
('77','77','77','Dolore iste dignissimos nostrum veniam quia. Nostrum dignissimos nobis rem dolore cumque at. In quia perspiciatis corporis.','modi','4892976',NULL,'1982-08-16 06:53:05','1995-04-19 19:01:38'),
('78','78','78','Repellendus quia in voluptatibus nam id. Quia tempora voluptate eum ea quia placeat dolor. Accusamus debitis et impedit quod.','voluptas','613052943',NULL,'1972-06-24 00:07:25','2005-07-02 20:02:44'),
('79','79','79','Magnam impedit recusandae excepturi. Similique et doloremque voluptas dolorem sit. Ut ex et laudantium quia. Ipsa corrupti quis et et.','quaerat','754',NULL,'1978-06-27 16:03:20','1993-12-29 18:28:00'),
('80','80','80','Et omnis nihil totam fuga molestiae fuga minus. Soluta minima et quis. Ipsam qui optio aut cumque.','ut','379438',NULL,'1984-07-20 20:13:07','1993-12-22 16:17:34'),
('81','81','81','Commodi mollitia possimus laboriosam esse quibusdam. Deserunt nam impedit illum nostrum sint necessitatibus. Dolor nam amet aliquam et. Sint corrupti nam quis aperiam qui quidem. Voluptatum omnis perferendis repellat aut quod alias laboriosam fugiat.','a','491',NULL,'1995-07-15 22:11:25','1976-02-24 12:55:30'),
('82','82','82','Eos reiciendis magni ab sunt voluptas fugit voluptatem. Quae animi et sed aut praesentium ut. Commodi consequatur pariatur rerum provident fugit doloremque quam. Laboriosam consequatur et aut quasi.','ad','6',NULL,'1973-12-30 05:05:42','1995-01-14 18:13:08'),
('83','83','83','Ipsa et consequuntur saepe repudiandae. Aut numquam reprehenderit laborum minima. Sed molestiae harum facilis nulla.','id','18',NULL,'1992-10-14 15:32:40','1991-12-16 13:04:24'),
('84','84','84','Qui velit doloribus sit recusandae dignissimos quia necessitatibus. Qui consequatur sint amet dolore adipisci et. Pariatur facere omnis quo est laboriosam. Magnam odio pariatur dolor labore atque cumque maxime.','ut','65469501',NULL,'1995-08-20 10:15:02','1995-03-19 22:21:53'),
('85','85','85','Eaque eum unde consectetur quod. Adipisci quia cum fugit veniam ut et. Ex corrupti laborum aut officiis. Molestiae ratione inventore consequatur ut adipisci.','qui','771',NULL,'1990-05-05 18:21:40','2002-01-13 19:32:49'),
('86','86','86','Dolor explicabo cum dicta ad sed. Harum velit velit et quidem qui.','labore','6',NULL,'1971-07-16 14:29:58','2017-07-25 08:16:59'),
('87','87','87','Et sint quod maxime nemo voluptas est. Quia consequatur exercitationem dolores dolor deleniti consequatur a harum. Hic laudantium ex necessitatibus tempora.','delectus','95476924',NULL,'1988-10-06 10:32:45','1991-02-10 22:51:06'),
('88','88','88','Omnis qui quam et et fuga maxime. Veritatis laboriosam eos commodi repellat eos sit. Non unde neque fuga qui et.','nesciunt','98',NULL,'2003-03-10 14:21:47','2007-09-05 14:13:12'),
('89','89','89','Quisquam laborum quas ut fugit reiciendis sit. Corporis ducimus voluptatem eligendi inventore harum. Architecto error dolorum veritatis optio tenetur sint nobis et.','dicta','23220',NULL,'2000-04-28 19:25:52','1986-06-01 07:20:00'),
('90','90','90','Consequatur ut natus rerum repellat alias. At sit quis aliquam qui neque culpa tempora tempora. Eligendi itaque ducimus atque consequuntur repellendus itaque exercitationem.','aspernatur','415',NULL,'1970-08-16 15:18:50','2011-09-08 02:13:00'),
('91','91','91','Dicta officia similique perferendis culpa nemo perspiciatis. Error ut libero nihil. Laudantium ad error iste maxime.','sequi','57802662',NULL,'1987-02-11 09:20:02','1986-07-05 23:34:05'),
('92','92','92','Eius aut magnam ullam dolor accusamus. Quam consequuntur quo labore maxime aut tempora occaecati ut. Necessitatibus iure est est blanditiis numquam.','aliquam','33043',NULL,'2017-10-10 04:24:23','1992-11-15 19:28:51'),
('93','93','93','Eum architecto pariatur sed perspiciatis cumque eligendi ut. Aut doloribus qui beatae neque quam. Eum natus et laborum nemo qui. Officiis unde voluptate ab vero laudantium eos aliquam.','rerum','25',NULL,'2018-07-25 07:09:34','1997-08-02 18:16:09'),
('94','94','94','In nemo aspernatur veniam sint omnis tempora. Dolorem in officiis et non aperiam consectetur.','numquam','2066952',NULL,'1986-05-08 03:21:00','2009-01-24 20:00:58'),
('95','95','95','Dolores quo esse ut minus laborum aut et. Quo consequatur sint distinctio veniam ratione excepturi repudiandae. Deleniti aut non corporis rerum illum voluptas error ut. Eum saepe et ipsum quia magnam maiores.','quo','3',NULL,'1970-07-17 19:34:05','1980-02-18 05:47:51'),
('96','96','96','Omnis quo eos accusantium et vitae. Ut voluptatem veritatis ratione at fugit. Qui aliquam eius corrupti eaque quidem voluptas. Debitis placeat at nam ut aliquam praesentium cumque.','est','983462',NULL,'1993-12-22 04:02:58','2004-04-25 23:16:23'),
('97','97','97','Enim voluptatum nesciunt in libero perferendis doloremque et. Ea sint aut itaque animi fugiat quas perspiciatis. Qui repellendus quia nihil perspiciatis nihil. Rerum et nulla reprehenderit et labore labore atque illo.','eligendi','52009',NULL,'1974-05-17 05:57:54','2016-04-09 10:04:10'),
('98','98','98','Sequi illo ut est rem dolorem. Exercitationem alias et saepe dolores voluptatibus est.','esse','97',NULL,'2011-04-06 19:24:51','2018-08-26 19:19:32'),
('99','99','99','Quia aut vitae occaecati fuga. Dicta itaque et ratione sint. Qui cumque doloribus est ipsum corrupti et.','quas','5979305',NULL,'2015-03-21 15:52:01','1982-04-06 09:57:59'),
('100','100','100','Nam ea officia doloremque quidem. Nobis saepe velit fuga repudiandae. Excepturi sed quis laudantium dolores corrupti consequatur occaecati.','nam','436797616',NULL,'1974-11-21 00:49:25','2000-02-25 14:10:58'); 


DROP TABLE IF EXISTS `media_types`;
CREATE TABLE `media_types` (
  `id` bigint(20) unsigned NOT NULL AUTO_INCREMENT,
  `name` varchar(255) COLLATE utf8_unicode_ci DEFAULT NULL,
  `created_at` datetime DEFAULT current_timestamp(),
  `updated_at` datetime DEFAULT current_timestamp() ON UPDATE current_timestamp(),
  PRIMARY KEY (`id`)
) ENGINE=InnoDB AUTO_INCREMENT=101 DEFAULT CHARSET=utf8 COLLATE=utf8_unicode_ci COMMENT='Типы новостей';

INSERT INTO `media_types` VALUES ('1','atque','2009-03-23 21:16:26','1973-11-21 20:53:26'),
('2','sint','1993-03-21 01:51:13','2004-09-25 11:01:50'),
('3','sed','2005-12-06 21:44:28','1994-10-17 00:48:40'),
('4','quia','1999-06-11 10:37:16','1979-01-08 11:02:55'),
('5','itaque','1983-09-02 00:58:03','1987-05-30 13:32:12'),
('6','quod','1978-06-14 18:47:22','1983-03-10 14:44:01'),
('7','eos','1980-01-19 11:01:06','1992-10-17 00:24:33'),
('8','quaerat','2000-10-19 08:35:10','2004-01-03 01:40:06'),
('9','est','2004-05-20 01:15:27','1987-05-03 12:04:38'),
('10','aut','2008-08-29 08:09:38','2002-09-11 09:07:48'),
('11','adipisci','1984-08-15 07:24:25','1989-08-11 11:45:15'),
('12','blanditiis','2013-08-27 19:30:26','1989-07-21 08:15:23'),
('13','neque','2010-08-19 20:43:30','2001-04-24 23:47:09'),
('14','aperiam','1975-05-26 03:32:41','2017-11-04 22:08:02'),
('15','eaque','1972-07-09 14:45:50','1986-11-02 21:10:47'),
('16','accusamus','2004-08-09 05:50:19','2004-11-16 14:47:47'),
('17','quod','1999-02-12 00:52:58','2004-08-02 07:37:19'),
('18','qui','2017-07-05 09:36:16','1978-02-12 05:39:41'),
('19','amet','1988-08-20 13:44:28','1985-02-14 11:11:40'),
('20','dicta','1995-02-24 23:37:38','2001-03-15 10:39:32'),
('21','eum','1996-10-15 00:35:48','1985-05-04 06:20:24'),
('22','assumenda','1970-05-18 06:40:33','1987-04-02 07:42:47'),
('23','alias','2012-03-23 08:22:57','1993-11-03 11:30:43'),
('24','ea','1997-02-28 23:36:39','1976-01-21 15:34:14'),
('25','beatae','1986-11-07 14:40:56','1975-10-18 10:45:54'),
('26','eveniet','2001-12-12 20:47:36','2006-11-18 15:03:22'),
('27','laboriosam','1986-07-24 20:29:12','1982-05-19 05:29:21'),
('28','magni','2017-03-14 07:48:23','2009-11-30 10:35:55'),
('29','doloribus','1989-03-21 12:34:38','1982-05-06 15:21:21'),
('30','nobis','1992-09-08 03:54:39','1997-02-18 23:35:11'),
('31','occaecati','2008-04-16 07:59:01','1973-09-16 22:21:01'),
('32','sint','2010-12-10 14:15:49','1998-03-11 11:14:40'),
('33','minima','2002-07-16 17:05:52','1983-09-21 06:10:05'),
('34','occaecati','1974-03-15 18:39:35','1985-07-02 00:42:02'),
('35','aut','1985-11-12 14:46:39','2008-10-19 20:41:21'),
('36','voluptate','1984-09-13 14:15:14','1994-03-22 05:08:23'),
('37','atque','1991-07-03 08:39:59','1991-05-06 12:03:50'),
('38','iure','1986-10-08 14:29:22','1982-12-29 05:41:52'),
('39','quasi','2002-11-19 12:30:22','2019-11-28 16:38:33'),
('40','expedita','2003-08-15 20:49:56','1973-07-22 20:05:00'),
('41','et','1999-01-08 04:55:20','2009-12-27 06:00:10'),
('42','mollitia','1982-02-03 01:07:12','1993-11-02 15:31:47'),
('43','quia','2014-08-09 11:31:51','1977-12-27 19:10:57'),
('44','iure','2002-09-25 14:46:47','1995-09-14 22:56:23'),
('45','qui','2017-07-12 21:35:58','1974-09-03 13:25:11'),
('46','sed','1999-09-01 13:31:35','1996-06-14 12:31:54'),
('47','accusantium','2004-06-03 20:17:24','2000-09-04 17:53:05'),
('48','molestiae','1973-10-29 07:05:38','2008-08-09 07:31:21'),
('49','dolorem','1971-05-24 16:05:44','2001-01-17 04:04:41'),
('50','quisquam','2015-12-07 18:23:30','1994-02-04 18:21:54'),
('51','qui','2011-08-05 11:33:55','1984-10-04 03:08:58'),
('52','molestias','2006-08-04 01:00:08','1982-04-30 10:14:58'),
('53','quos','2018-08-06 10:19:46','1986-12-21 02:46:30'),
('54','consectetur','2005-07-25 20:05:02','1999-03-05 03:44:38'),
('55','aut','2016-04-12 21:26:28','1980-11-14 21:50:43'),
('56','est','1996-05-18 04:40:44','1983-10-02 08:20:21'),
('57','voluptas','2005-01-13 12:32:50','2013-10-12 12:47:56'),
('58','ratione','2006-07-27 01:51:06','1972-06-01 19:01:42'),
('59','saepe','1999-11-02 14:34:19','2000-08-28 03:58:44'),
('60','doloremque','1975-04-17 21:45:42','2019-12-30 02:20:02'),
('61','facilis','2009-02-24 00:17:01','2004-01-20 05:24:29'),
('62','alias','1971-05-20 17:04:00','2006-03-31 08:39:12'),
('63','quae','1979-03-31 03:59:55','1977-08-21 15:44:47'),
('64','id','2018-09-30 04:28:54','1986-08-18 19:56:47'),
('65','ducimus','2014-03-05 09:57:27','1984-05-18 06:46:12'),
('66','atque','1973-12-29 14:01:44','2002-04-24 23:03:09'),
('67','et','1978-08-21 16:40:12','2012-11-21 23:01:14'),
('68','quos','2017-05-23 15:16:36','1982-04-13 07:39:31'),
('69','quibusdam','1998-05-21 09:05:45','2014-01-30 00:08:20'),
('70','sit','1979-05-03 07:04:23','2001-07-06 02:50:45'),
('71','quod','2020-01-25 03:05:34','2009-06-17 23:21:02'),
('72','est','2007-04-02 09:45:55','1986-01-16 18:37:40'),
('73','a','2001-06-15 09:07:33','2009-07-31 19:00:12'),
('74','ea','1972-09-02 23:11:54','2017-10-12 21:21:15'),
('75','accusamus','1996-02-02 07:47:25','1988-08-14 14:57:55'),
('76','porro','1995-04-19 17:09:34','2013-03-09 13:10:48'),
('77','consectetur','1971-10-03 12:18:05','2000-02-26 18:13:57'),
('78','laboriosam','1974-01-21 06:33:01','1976-03-10 10:37:02'),
('79','placeat','1978-06-30 15:08:08','2018-05-24 03:57:32'),
('80','repudiandae','1974-06-12 03:12:36','1978-10-22 23:21:34'),
('81','voluptas','2002-01-05 02:06:33','1984-01-23 05:40:57'),
('82','unde','2001-04-20 08:03:11','1984-11-02 02:15:54'),
('83','sequi','2020-01-13 04:37:50','1999-02-05 17:03:36'),
('84','eum','1994-05-15 10:46:42','1972-12-23 19:44:49'),
('85','porro','1995-05-15 17:14:21','2017-08-26 22:33:29'),
('86','in','1988-06-13 19:58:26','1984-08-02 10:11:03'),
('87','repellendus','1998-02-27 12:27:24','2013-08-13 05:33:36'),
('88','quo','2002-02-17 17:27:04','2005-06-28 16:16:09'),
('89','repellat','2012-12-06 05:47:35','2017-04-08 01:39:25'),
('90','iure','2006-03-31 03:38:35','2015-04-22 15:40:53'),
('91','est','2019-10-01 10:44:18','2015-07-21 20:37:27'),
('92','sapiente','1980-09-27 07:55:39','2010-07-23 07:16:24'),
('93','eos','1997-10-04 20:23:43','1975-05-19 18:11:58'),
('94','est','2016-03-18 00:43:05','2007-12-04 03:52:25'),
('95','voluptatem','2014-10-04 06:02:54','1999-10-06 16:25:40'),
('96','maiores','1973-02-08 03:15:38','1997-03-26 10:47:11'),
('97','autem','1989-06-19 07:19:56','2012-03-18 00:03:03'),
('98','aut','2015-05-01 17:07:49','2019-01-26 16:28:49'),
('99','ea','2000-04-19 21:34:15','1988-03-02 19:23:59'),
('100','quia','1992-01-27 05:28:01','1979-02-12 22:58:18'); 


DROP TABLE IF EXISTS `messages`;
CREATE TABLE `messages` (
  `id` bigint(20) unsigned NOT NULL AUTO_INCREMENT,
  `from_user_id` bigint(20) unsigned NOT NULL,
  `to_user_id` bigint(20) unsigned NOT NULL,
  `body` text COLLATE utf8_unicode_ci DEFAULT NULL,
  `created_at` datetime DEFAULT current_timestamp(),
  PRIMARY KEY (`id`),
  KEY `messages_from_user_id` (`from_user_id`),
  KEY `messages_to_user_id` (`to_user_id`),
  CONSTRAINT `messages_ibfk_1` FOREIGN KEY (`from_user_id`) REFERENCES `users` (`id`),
  CONSTRAINT `messages_ibfk_2` FOREIGN KEY (`to_user_id`) REFERENCES `users` (`id`)
) ENGINE=InnoDB AUTO_INCREMENT=101 DEFAULT CHARSET=utf8 COLLATE=utf8_unicode_ci COMMENT='Сообщения';

INSERT INTO `messages` VALUES ('1','1','1','Maiores laborum molestias sequi quam optio. Est non sit voluptatem voluptas inventore nam quia. Vero dignissimos nam animi vitae eum sunt quia. Est minus ex rerum dolores illo. Voluptatem sapiente aliquid ut perferendis alias omnis corrupti.','1986-01-23 20:20:56'),
('2','2','2','Aspernatur quidem odio omnis sint. Temporibus ex quasi dolores possimus vel. Aut ducimus accusamus et et aliquam veritatis mollitia.','2014-04-13 13:01:33'),
('3','3','3','Ut recusandae culpa repellendus dolores. Voluptatem quasi enim omnis et sed quos. Et aut hic sunt sed.','1978-01-21 08:00:09'),
('4','4','4','Reiciendis et quisquam consequuntur minima nesciunt sit ut et. Tempore incidunt id dolor eaque consectetur illum perspiciatis aspernatur. Harum velit assumenda quaerat qui quis.','2013-10-06 06:28:49'),
('5','5','5','Cupiditate a pariatur sit explicabo quibusdam velit aut. Porro eligendi rerum recusandae beatae suscipit suscipit. Ipsam nesciunt debitis quis nemo aliquam corporis nesciunt. Sapiente earum provident blanditiis ducimus.','2011-09-09 03:00:59'),
('6','6','6','Magni ea qui et qui facere illo rerum fugiat. Porro saepe et minus excepturi eos nostrum. Omnis nulla corporis sed qui facilis incidunt.','1991-12-19 03:53:13'),
('7','7','7','Quis inventore vel eum illo dolorem explicabo accusantium quaerat. Placeat doloremque ut pariatur voluptatem. Eos ut dignissimos id autem et debitis.','2003-05-28 13:46:56'),
('8','8','8','Dolore iure voluptatum cupiditate iusto officiis vero rerum. Quos sit vel rerum rem eius quia ut deserunt. Adipisci eveniet et quia nostrum sed nisi. Possimus eaque tenetur est sed.','1988-12-22 01:03:58'),
('9','9','9','Quis quae nam rerum consequatur enim quasi harum. Qui numquam consequatur occaecati saepe deleniti. Possimus deleniti laborum tenetur. Facilis voluptatem tempore tenetur quis iste ut possimus.','1973-10-20 06:19:53'),
('10','10','10','Occaecati quia optio assumenda est reiciendis ab assumenda. Minima magnam iure rerum ut dignissimos nobis ut similique. Recusandae mollitia non qui rem sunt qui saepe aut.','2000-07-28 17:42:39'),
('11','11','11','Voluptatem sed incidunt molestiae quis perspiciatis sapiente dolorem. Voluptate earum praesentium delectus. Architecto et consequatur corrupti commodi.','1981-07-17 21:15:54'),
('12','12','12','Odio repellendus quae consequatur. Quia maxime temporibus eos rerum. Et dolores cupiditate explicabo nam. Ipsam quisquam ipsa impedit nihil sapiente est.','2018-03-02 20:28:04'),
('13','13','13','Quia quidem laudantium eveniet eos omnis sed qui. Amet voluptas ipsa quos officia. A et blanditiis ipsam quo laboriosam.','1985-10-10 00:55:36'),
('14','14','14','Et quibusdam dignissimos esse. Aut necessitatibus nam voluptas nisi ea.','2009-01-11 16:15:39'),
('15','15','15','Mollitia corrupti amet maxime voluptatum. Ipsa veritatis vel quia. Occaecati architecto nesciunt asperiores ipsa sapiente.','1989-02-22 12:50:55'),
('16','16','16','Autem a doloremque ut molestiae inventore necessitatibus qui. Unde voluptas aut est voluptas nesciunt aliquam. Rem sit iste tenetur hic.','2016-02-07 11:06:34'),
('17','17','17','Magnam tenetur mollitia minima doloremque ea sit laboriosam ea. Soluta voluptatem earum dolorem veritatis.','1986-08-17 05:38:14'),
('18','18','18','Quo explicabo voluptatem et nihil molestiae id. Possimus quam labore corrupti laborum. Voluptatem culpa soluta est beatae explicabo.','1976-06-21 10:42:57'),
('19','19','19','Facilis ea rerum iure porro. Dolores itaque vel et sunt molestiae natus voluptatem. Ipsam quia voluptas expedita. Natus rerum ut voluptas magnam.','2005-05-10 08:47:00'),
('20','20','20','Explicabo id debitis minima. Similique officia consequatur minima eius. Deserunt quas ut labore ipsam a.','2019-02-27 21:23:42'),
('21','21','21','Assumenda consequatur quaerat voluptatem enim praesentium reprehenderit. Vel alias accusantium vitae earum non excepturi. Deleniti sapiente distinctio alias nihil assumenda illo. Non distinctio qui labore iste iure assumenda dolor. Rem facilis sit accusamus numquam inventore exercitationem praesentium.','2009-04-15 19:42:10'),
('22','22','22','Quam autem qui itaque sed suscipit autem. Beatae dolorem dolores voluptatem quae amet blanditiis non. Reprehenderit sequi nam ipsum quia qui sit doloribus.','1984-11-25 08:43:53'),
('23','23','23','Ullam pariatur molestiae illum nobis vel. Nobis autem excepturi rerum illo voluptas ipsam. Deserunt et ut eum impedit. Voluptatem dolorum atque et et.','1973-05-03 07:24:03'),
('24','24','24','Consectetur sit ut ducimus rerum voluptatibus. Maxime possimus repudiandae eius atque aut nihil incidunt. Dicta debitis quo mollitia. In id officiis quis ut beatae et necessitatibus quo.','1974-10-20 20:32:56'),
('25','25','25','Et cum et est quo. Voluptatem suscipit sed ea fuga omnis expedita. Tempore id et possimus. Cumque hic optio natus explicabo a pariatur dolorum.','1987-12-16 18:13:12'),
('26','26','26','Illo quas et ut illo ipsam. Vero nemo omnis quaerat eum vel iure. Est nostrum non expedita qui autem vel atque vero. Minus quae quia tenetur cumque iusto facere quaerat. Ipsam quo maiores mollitia dolorum aspernatur vero.','1976-02-14 13:51:38'),
('27','27','27','Odit sapiente optio inventore a qui et. Autem fugit qui aspernatur et magni sint sequi. Aliquid totam non omnis debitis. Voluptate eos repellat dolorem ut dolorem aliquid id.','2011-05-03 01:00:32'),
('28','28','28','Minima perferendis qui est occaecati esse. Expedita facilis eius sed expedita. Qui ut et suscipit saepe laboriosam enim aperiam.','1996-12-07 17:59:33'),
('29','29','29','Adipisci maxime sunt in non nobis. Et at voluptatem cum ratione mollitia vel aperiam.','1982-05-06 11:52:32'),
('30','30','30','Possimus repellendus odio delectus qui earum qui. Quia aliquam corrupti dolorum eligendi et quaerat. Qui facere molestias deleniti minima facilis mollitia. Est blanditiis qui sequi in quasi.','2005-07-02 00:04:18'),
('31','31','31','Omnis dolorum quia sed quasi atque assumenda aut. Autem quaerat cumque asperiores iure ex. Illo hic esse aliquam dolorem quae.','2001-11-07 05:10:56'),
('32','32','32','Provident voluptas dolorem quia dolores deserunt voluptas. Commodi eius natus et et accusamus dicta et et. Distinctio quidem repudiandae optio et autem vel error sunt. Ipsum quisquam ab fugit odio quis.','1996-11-14 16:46:19'),
('33','33','33','In aut maxime eaque officiis laboriosam ut est. Vitae magnam assumenda repellendus ut qui voluptates cum. Ipsam deserunt corporis molestiae odio.','1993-05-23 06:30:33'),
('34','34','34','Consectetur odit corporis ut sunt. Ad fugiat sed deleniti id non omnis. Quis placeat nostrum cum quos sed et.','1989-08-03 20:29:42'),
('35','35','35','Ratione fugiat ut ratione repellat autem qui id ut. Rerum doloremque veritatis aliquid omnis. Dolorem voluptatem quasi doloremque ea voluptas. Adipisci repudiandae tempore et molestias consequatur aut.','1999-08-15 18:32:56'),
('36','36','36','Labore ea nemo molestiae minus amet vel est. Sit dolor alias possimus voluptas aut voluptas iusto.','2012-12-29 13:33:55'),
('37','37','37','Aut molestias qui velit libero. Dolores aliquam sequi excepturi exercitationem in minus enim. Eius maxime mollitia corporis.','1989-04-07 18:42:41'),
('38','38','38','Suscipit labore aliquam voluptatem esse. Quasi corporis neque tenetur animi est. Sunt molestiae optio dolorem quae consequatur sed. Laborum et delectus sit inventore et qui.','1971-11-26 14:23:43'),
('39','39','39','Modi dolorem nemo qui. Sint distinctio sed ut. Commodi et quia porro deserunt debitis eligendi soluta quas. Velit omnis quis temporibus et sunt. Corrupti consequatur tempore aut consectetur sunt sunt.','1975-06-16 06:34:39'),
('40','40','40','Expedita fugit sit veritatis quae nam ut dolores. Suscipit porro accusantium totam. Omnis aut corrupti consectetur ipsa reprehenderit molestiae. Enim sapiente fuga quod cupiditate qui.','2015-04-21 21:02:47'),
('41','41','41','In sint similique est illum natus facilis vitae odit. Necessitatibus omnis aspernatur voluptatem voluptates est cupiditate. Velit suscipit accusantium similique ut omnis quae id. Aspernatur at non nobis dolor dolores.','1994-09-24 01:35:29'),
('42','42','42','Ut placeat eligendi dolores velit blanditiis velit. Enim hic facilis voluptatibus. Aliquam nesciunt illo et. Nesciunt fuga recusandae et a laborum.','1987-12-03 03:06:36'),
('43','43','43','Ut nulla beatae suscipit consequatur quidem praesentium id. Facere temporibus eaque quod accusantium molestiae. Nobis autem ipsa unde adipisci aut ullam est. Molestias sed sint fugit aliquam laborum.','1987-06-28 06:53:54'),
('44','44','44','Similique voluptatem est quibusdam autem numquam ea velit. Delectus voluptatem consequatur aut numquam sint possimus et. Dolorem nam quis iusto eum quis ducimus qui alias.','1990-09-22 23:09:34'),
('45','45','45','Eum similique quia voluptatibus. Beatae est illo eos quo sunt quia magni. Occaecati dolore deserunt fugit est. Repellat veritatis labore possimus aut sequi ullam sequi.','1982-10-24 16:15:31'),
('46','46','46','Sed dolorum vitae laudantium quam ullam eveniet. Atque illum rerum et cumque. Voluptate aut nulla voluptatum vel quam itaque. Velit et quia dolor iure est quaerat.','1988-11-05 03:52:28'),
('47','47','47','Soluta atque quam explicabo deleniti eveniet dolore repellat. Non distinctio omnis voluptatem dolorem reiciendis ipsum. Necessitatibus quaerat eos temporibus et deleniti nesciunt rerum.','2012-08-22 10:19:17'),
('48','48','48','Et porro officia quia autem. At aut quisquam velit animi voluptas est et. Non ad eligendi velit vitae quod et.','2018-10-18 01:38:59'),
('49','49','49','Iste officiis quidem quia temporibus vel. Accusantium ipsum possimus enim voluptatem dolor.','2011-05-15 01:34:53'),
('50','50','50','Ratione qui voluptatem nisi non nihil. Et et quia repellat quas quidem. Rerum numquam consequatur similique est veritatis sapiente.','1973-01-04 12:32:21'),
('51','51','51','Ducimus optio numquam commodi temporibus non doloribus distinctio. Mollitia porro et quaerat dolores.','2018-11-25 14:47:24'),
('52','52','52','Est numquam esse cum. Aut ut sint itaque qui. Consequatur a at sapiente sit qui quasi in ut. Numquam aspernatur laudantium est.','1996-12-16 21:47:16'),
('53','53','53','Temporibus voluptatem explicabo officia voluptas hic. Velit et voluptatibus hic consequatur ipsa molestiae aut. Nihil et eaque numquam vero culpa. Facere itaque enim quisquam molestiae et.','1989-12-18 11:23:15'),
('54','54','54','Corrupti accusamus fuga aperiam ut esse facere ratione. Non quia est facilis delectus et enim neque. Architecto est rerum eius velit culpa. Assumenda dolores laboriosam consectetur voluptas reprehenderit accusantium quas necessitatibus.','1982-04-20 07:45:53'),
('55','55','55','Voluptatem vel et dolorem. In facilis hic ipsa.','1983-06-12 07:17:22'),
('56','56','56','Dolorem autem aut ex recusandae similique cumque. Id omnis et quia maiores doloribus praesentium. Doloremque illo minus a sed.','1970-09-14 17:05:03'),
('57','57','57','Ut veritatis ratione ad consectetur qui. Dolorem alias et ut quia nihil consequatur. Inventore adipisci minima omnis id rem eos facere. Ad tempora ducimus ea. Architecto perspiciatis molestiae modi animi.','2018-05-31 13:20:58'),
('58','58','58','Eos architecto cumque quod tenetur. Iste dolor neque ut quo dolorem officiis aut. Fugit mollitia quis laborum sint sed hic. Reprehenderit magni quod alias ut. Id maxime voluptatem impedit et.','2010-03-03 05:09:52'),
('59','59','59','Velit eius deserunt accusantium sit ratione nobis praesentium sunt. Optio autem et quas sit porro. Vitae nihil harum provident rem. Rem porro ducimus eveniet.','2000-07-15 20:32:59'),
('60','60','60','Iste illum autem aliquam aut minus eum dolor. Numquam amet laboriosam tenetur sint voluptate. At quasi ab excepturi id officiis omnis fuga. Fugiat nam iste quae animi dicta et.','2002-09-24 23:58:24'),
('61','61','61','Magni dolores porro optio dolorem et assumenda sed. Quidem aspernatur qui ratione praesentium voluptas. A magni et ut nulla modi amet.','2008-04-05 05:14:08'),
('62','62','62','Modi quasi hic tempora maiores et aliquam placeat. Vel aliquam saepe labore atque et itaque facere. Eius est rerum voluptas omnis vel ad. Est et exercitationem voluptatem aspernatur delectus numquam.','2016-07-15 05:52:10'),
('63','63','63','Nulla recusandae voluptates nihil aliquam recusandae quos. In aliquid maxime perspiciatis et fuga.','1995-08-10 05:36:52'),
('64','64','64','Aut enim minus qui aut sed. Voluptatum dolores aut blanditiis earum minima facere dignissimos a. Laboriosam minus assumenda quae explicabo fugit rerum. Ipsam in velit voluptatem molestias.','2006-04-17 13:31:40'),
('65','65','65','Recusandae nemo ad optio sint ut quo culpa. Non recusandae et excepturi molestiae repudiandae alias totam. Cum omnis ab fuga dolore beatae.','1972-06-14 19:35:33'),
('66','66','66','Quidem nihil ut tenetur non dolor accusamus. Et et unde at qui voluptas repellendus. Est maiores dolore consequuntur aut.','2013-04-11 18:29:04'),
('67','67','67','Autem consequatur aut cumque non. Doloremque culpa suscipit laborum minus amet aperiam ut. Aliquam facere voluptas ab voluptates consectetur.','2006-03-17 16:36:09'),
('68','68','68','Quidem quia non laborum veritatis itaque optio. Quibusdam et natus est praesentium aut ipsa. Ut rerum odio sint. Expedita nihil sit tempora voluptas autem distinctio a est.','2003-06-21 23:08:51'),
('69','69','69','Qui autem aperiam eos dolorem eum vel. Fugiat officiis et vel. Est voluptatum aspernatur odit sed sapiente voluptatum fuga. Nesciunt deserunt et a adipisci.','2019-06-13 15:45:33'),
('70','70','70','Culpa placeat voluptatem et placeat. Eos vitae quia iste autem laborum praesentium veniam. Omnis explicabo tempora autem sit. Nihil voluptatem praesentium sed.','2002-12-29 01:34:32'),
('71','71','71','Neque accusamus nesciunt libero nobis. Placeat consequatur quod et quisquam architecto. Quasi et id eligendi qui in quis quia. Eveniet et eveniet corporis repudiandae accusamus sit. Sed omnis quis et iure nisi reprehenderit nihil nisi.','1970-09-16 13:28:15'),
('72','72','72','Est voluptatem qui nemo incidunt ipsam vero adipisci. Reiciendis inventore deleniti accusamus id autem exercitationem. Velit est sequi et qui esse qui.','2001-12-14 10:38:57'),
('73','73','73','Excepturi fuga sed recusandae quaerat. Sit sunt consequatur in est nihil. Similique non est velit minima laboriosam atque. Pariatur accusantium libero pariatur.','1995-12-07 07:24:18'),
('74','74','74','Natus debitis corrupti dolore architecto qui. Quam voluptate non et voluptatem enim enim est. Ullam consequuntur quia dolore odio eum.','1970-06-26 06:46:49'),
('75','75','75','Aut omnis perspiciatis enim maiores consectetur iste. Dolores beatae tenetur et enim dolorum est. Maxime qui sit dolores temporibus ipsa quam. Repudiandae iusto minus ea sapiente sed odit quae.','1996-08-12 15:03:04'),
('76','76','76','Neque tempore dolores vel praesentium. Consectetur vitae sint enim expedita praesentium.','1995-05-14 13:54:41'),
('77','77','77','Voluptatem vero consequuntur in et. Accusamus et omnis ullam sed itaque natus sit. Sint illum recusandae eos veritatis qui. Sit aut sequi ad.','1998-01-11 16:25:39'),
('78','78','78','Vel aut officia dolorum ut et voluptatibus id omnis. Ratione aut aut beatae error. Explicabo autem sequi ea sit ducimus voluptatem quis.','2009-12-15 07:01:17'),
('79','79','79','Optio tempore distinctio dicta dolores aut non. Earum beatae commodi est exercitationem perferendis dolorum necessitatibus rem. Rerum perferendis et est. Ut enim mollitia rerum earum.','2018-04-23 07:22:19'),
('80','80','80','Deleniti aperiam corrupti earum accusantium. Totam minima nesciunt laudantium. Ut ut facere quasi tenetur aliquid est officia. Perferendis placeat assumenda sequi iusto.','2002-10-21 09:40:24'),
('81','81','81','Voluptas et ut ullam esse consequatur quidem vel. Tempore et hic nihil. Velit nemo cupiditate ipsa voluptatem qui iure omnis.','1981-11-14 00:03:29'),
('82','82','82','Impedit aut maiores a molestiae. Magni architecto minus consequatur necessitatibus quis. Alias harum totam eveniet iusto nisi.','1994-08-25 18:49:52'),
('83','83','83','Dicta quo at explicabo repellat. Aliquid voluptatem autem ea corporis id inventore corporis. Molestias nobis rerum aut. Velit quia quo et numquam in.','2006-01-12 15:48:14'),
('84','84','84','Non doloremque libero quo voluptas nam rerum. Aliquid enim labore officia. Recusandae at dignissimos repellat consequatur. Doloremque consequatur illo hic voluptas dolorem quidem.','2014-06-20 16:02:12'),
('85','85','85','Illum deleniti voluptas qui sit dignissimos. Nam est esse qui quia sint ad. Et necessitatibus sed delectus possimus explicabo eum officiis deserunt. Nesciunt vitae ipsum nihil perspiciatis quo quae ratione.','2010-09-19 13:12:33'),
('86','86','86','At nesciunt ut enim sit sint accusamus possimus. Quas laboriosam aliquid eveniet rerum et nostrum. Quis et iure vel alias quod.','1971-09-17 20:37:59'),
('87','87','87','Voluptatem rerum molestias perferendis dolorum et voluptates dolore. Accusantium consequatur et dolorem provident voluptates. Qui tempore placeat omnis vel. Vel sed deserunt quibusdam deleniti inventore.','1980-12-24 13:08:17'),
('88','88','88','Ut esse commodi soluta est. Dicta officia necessitatibus rerum. Qui et est doloremque voluptatem molestiae.','2016-08-13 03:06:12'),
('89','89','89','Qui ut eaque dolore tempore. Laboriosam at ad blanditiis sit cumque tempora nostrum corrupti. Qui debitis est qui et rerum nam rerum et.','1974-06-19 10:56:59'),
('90','90','90','Nihil rerum illo asperiores enim hic incidunt distinctio. Qui non doloremque eaque rem earum omnis. Voluptates ipsum voluptate nostrum voluptatem eos cumque eos nemo. Deleniti fugit incidunt id culpa est beatae voluptatem.','2013-04-07 20:22:38'),
('91','91','91','Et nobis esse quis aliquam est rerum impedit. Temporibus dolor aut iure quis quaerat autem. Unde quas necessitatibus qui nobis ea.','1996-08-21 06:29:26'),
('92','92','92','Dolores excepturi dolor harum vitae. Amet nihil nisi et. Ipsam harum aut facilis.','1973-10-12 01:59:45'),
('93','93','93','Sunt et distinctio tempore rerum vitae voluptate. Sint quidem molestiae sapiente impedit ipsam ratione et. Rerum enim esse voluptatibus saepe quaerat. Nisi voluptatem eos qui fugit.','1991-02-20 10:52:23'),
('94','94','94','Assumenda quia nulla nostrum nulla sit at ea. Doloribus consequatur tenetur itaque quod maxime nulla aut.','1998-03-03 21:56:42'),
('95','95','95','Excepturi saepe repellendus numquam. Consectetur quas quod dolores. Et corporis alias optio.','1970-06-23 17:06:04'),
('96','96','96','Fuga ullam sit deserunt ut nam. Dolorum nobis occaecati natus deserunt est tempore numquam. Neque et et dicta.','1996-05-30 14:44:41'),
('97','97','97','Et deserunt ipsum sit eligendi. Sit tenetur esse reprehenderit quia vel cum. In ut quos delectus.','2013-04-11 15:47:22'),
('98','98','98','Ipsam molestiae occaecati non sit. Sit impedit voluptatibus dolores. Ea qui illo rerum sint. Sint similique vel numquam ea.','1980-07-17 13:02:24'),
('99','99','99','Eligendi nulla doloremque et odio. Omnis commodi enim libero ut ratione magni quas. Deleniti magni facilis et animi sunt enim. Omnis necessitatibus qui cumque. Cumque saepe cum saepe deserunt.','2005-02-12 19:43:28'),
('100','100','100','Sunt ratione et quam debitis ut dolor. Tempore nihil molestiae neque eos non qui. Ea maiores laborum sint doloremque. Est excepturi possimus recusandae asperiores.','1973-05-22 19:24:56'); 


DROP TABLE IF EXISTS `photo_albums`;
CREATE TABLE `photo_albums` (
  `id` bigint(20) unsigned NOT NULL AUTO_INCREMENT,
  `name` varchar(255) COLLATE utf8_unicode_ci DEFAULT NULL,
  `user_id` bigint(20) unsigned DEFAULT NULL,
  PRIMARY KEY (`id`),
  KEY `user_id` (`user_id`),
  CONSTRAINT `photo_albums_ibfk_1` FOREIGN KEY (`user_id`) REFERENCES `users` (`id`)
) ENGINE=InnoDB AUTO_INCREMENT=101 DEFAULT CHARSET=utf8 COLLATE=utf8_unicode_ci COMMENT='Таблица фотоальбомов';

INSERT INTO `photo_albums` VALUES ('1','et','1'),
('2','sequi','2'),
('3','et','3'),
('4','aperiam','4'),
('5','sunt','5'),
('6','repudiandae','6'),
('7','eos','7'),
('8','aliquam','8'),
('9','id','9'),
('10','optio','10'),
('11','blanditiis','11'),
('12','perferendis','12'),
('13','et','13'),
('14','ipsam','14'),
('15','libero','15'),
('16','necessitatibus','16'),
('17','quisquam','17'),
('18','veritatis','18'),
('19','at','19'),
('20','vel','20'),
('21','similique','21'),
('22','voluptates','22'),
('23','aliquam','23'),
('24','id','24'),
('25','autem','25'),
('26','praesentium','26'),
('27','neque','27'),
('28','saepe','28'),
('29','dolorem','29'),
('30','quo','30'),
('31','et','31'),
('32','quo','32'),
('33','neque','33'),
('34','quisquam','34'),
('35','illum','35'),
('36','et','36'),
('37','quos','37'),
('38','ducimus','38'),
('39','voluptas','39'),
('40','at','40'),
('41','id','41'),
('42','et','42'),
('43','deserunt','43'),
('44','nesciunt','44'),
('45','optio','45'),
('46','qui','46'),
('47','ipsum','47'),
('48','et','48'),
('49','nemo','49'),
('50','tenetur','50'),
('51','nostrum','51'),
('52','et','52'),
('53','ut','53'),
('54','rerum','54'),
('55','iusto','55'),
('56','maxime','56'),
('57','delectus','57'),
('58','sunt','58'),
('59','ipsam','59'),
('60','est','60'),
('61','iure','61'),
('62','ipsa','62'),
('63','vitae','63'),
('64','dolores','64'),
('65','adipisci','65'),
('66','nam','66'),
('67','assumenda','67'),
('68','omnis','68'),
('69','eius','69'),
('70','dignissimos','70'),
('71','harum','71'),
('72','qui','72'),
('73','nobis','73'),
('74','maiores','74'),
('75','quam','75'),
('76','fuga','76'),
('77','ratione','77'),
('78','a','78'),
('79','nostrum','79'),
('80','excepturi','80'),
('81','alias','81'),
('82','molestiae','82'),
('83','rem','83'),
('84','repellendus','84'),
('85','ducimus','85'),
('86','vitae','86'),
('87','distinctio','87'),
('88','ea','88'),
('89','ut','89'),
('90','quia','90'),
('91','quia','91'),
('92','dolore','92'),
('93','blanditiis','93'),
('94','aperiam','94'),
('95','alias','95'),
('96','sed','96'),
('97','hic','97'),
('98','sit','98'),
('99','sequi','99'),
('100','quis','100'); 


DROP TABLE IF EXISTS `photos`;
CREATE TABLE `photos` (
  `id` bigint(20) unsigned NOT NULL AUTO_INCREMENT,
  `album_id` bigint(20) unsigned NOT NULL,
  `media_id` bigint(20) unsigned NOT NULL,
  PRIMARY KEY (`id`),
  KEY `album_id` (`album_id`),
  KEY `media_id` (`media_id`),
  CONSTRAINT `photos_ibfk_1` FOREIGN KEY (`album_id`) REFERENCES `photo_albums` (`id`),
  CONSTRAINT `photos_ibfk_2` FOREIGN KEY (`media_id`) REFERENCES `media` (`id`)
) ENGINE=InnoDB AUTO_INCREMENT=101 DEFAULT CHARSET=utf8 COLLATE=utf8_unicode_ci COMMENT='Фотографии';

INSERT INTO `photos` VALUES ('1','1','1'),
('2','2','2'),
('3','3','3'),
('4','4','4'),
('5','5','5'),
('6','6','6'),
('7','7','7'),
('8','8','8'),
('9','9','9'),
('10','10','10'),
('11','11','11'),
('12','12','12'),
('13','13','13'),
('14','14','14'),
('15','15','15'),
('16','16','16'),
('17','17','17'),
('18','18','18'),
('19','19','19'),
('20','20','20'),
('21','21','21'),
('22','22','22'),
('23','23','23'),
('24','24','24'),
('25','25','25'),
('26','26','26'),
('27','27','27'),
('28','28','28'),
('29','29','29'),
('30','30','30'),
('31','31','31'),
('32','32','32'),
('33','33','33'),
('34','34','34'),
('35','35','35'),
('36','36','36'),
('37','37','37'),
('38','38','38'),
('39','39','39'),
('40','40','40'),
('41','41','41'),
('42','42','42'),
('43','43','43'),
('44','44','44'),
('45','45','45'),
('46','46','46'),
('47','47','47'),
('48','48','48'),
('49','49','49'),
('50','50','50'),
('51','51','51'),
('52','52','52'),
('53','53','53'),
('54','54','54'),
('55','55','55'),
('56','56','56'),
('57','57','57'),
('58','58','58'),
('59','59','59'),
('60','60','60'),
('61','61','61'),
('62','62','62'),
('63','63','63'),
('64','64','64'),
('65','65','65'),
('66','66','66'),
('67','67','67'),
('68','68','68'),
('69','69','69'),
('70','70','70'),
('71','71','71'),
('72','72','72'),
('73','73','73'),
('74','74','74'),
('75','75','75'),
('76','76','76'),
('77','77','77'),
('78','78','78'),
('79','79','79'),
('80','80','80'),
('81','81','81'),
('82','82','82'),
('83','83','83'),
('84','84','84'),
('85','85','85'),
('86','86','86'),
('87','87','87'),
('88','88','88'),
('89','89','89'),
('90','90','90'),
('91','91','91'),
('92','92','92'),
('93','93','93'),
('94','94','94'),
('95','95','95'),
('96','96','96'),
('97','97','97'),
('98','98','98'),
('99','99','99'),
('100','100','100'); 


DROP TABLE IF EXISTS `profiles`;
CREATE TABLE `profiles` (
  `user_id` bigint(20) unsigned NOT NULL AUTO_INCREMENT,
  `gender` char(1) COLLATE utf8_unicode_ci DEFAULT NULL,
  `birthday` date DEFAULT NULL,
  `photo_id` bigint(20) unsigned DEFAULT NULL,
  `created_at` datetime DEFAULT current_timestamp(),
  `hometown` varchar(100) COLLATE utf8_unicode_ci DEFAULT NULL,
  PRIMARY KEY (`user_id`),
  CONSTRAINT `profiles_ibfk_1` FOREIGN KEY (`user_id`) REFERENCES `users` (`id`) ON UPDATE CASCADE
) ENGINE=InnoDB AUTO_INCREMENT=101 DEFAULT CHARSET=utf8 COLLATE=utf8_unicode_ci COMMENT='Дополнительная информация о пользователе';

INSERT INTO `profiles` VALUES ('1',NULL,'1976-07-11','1','1977-01-04 18:16:19',NULL),
('2',NULL,'1995-07-01','2','2011-11-12 04:42:31',NULL),
('3',NULL,'2000-07-03','3','1977-06-30 12:06:18',NULL),
('4',NULL,'2001-07-04','4','1990-05-07 05:39:54',NULL),
('5',NULL,'1994-04-24','5','2012-09-30 20:53:06',NULL),
('6',NULL,'1994-10-04','6','2018-11-08 10:54:19',NULL),
('7',NULL,'2008-07-16','7','2013-10-16 05:16:57',NULL),
('8',NULL,'2016-10-25','8','2003-06-28 18:49:57',NULL),
('9',NULL,'1992-04-10','9','1988-08-21 02:34:10',NULL),
('10',NULL,'2012-11-07','10','2009-12-31 21:33:12',NULL),
('11',NULL,'2009-11-11','11','1991-10-17 02:51:17',NULL),
('12',NULL,'2002-07-29','12','2009-12-11 20:44:41',NULL),
('13',NULL,'1999-06-01','13','1997-08-30 23:36:06',NULL),
('14',NULL,'2010-11-20','14','2007-09-06 01:53:35',NULL),
('15',NULL,'1977-06-23','15','1978-06-20 02:22:11',NULL),
('16',NULL,'1979-05-25','16','1998-01-14 14:59:43',NULL),
('17',NULL,'1998-07-28','17','2005-06-09 19:12:13',NULL),
('18',NULL,'2006-02-27','18','2013-04-10 20:00:55',NULL),
('19',NULL,'1991-08-14','19','1997-10-11 08:58:16',NULL),
('20',NULL,'1975-07-28','20','2010-10-07 21:58:18',NULL),
('21',NULL,'2014-10-19','21','1997-10-07 12:51:26',NULL),
('22',NULL,'1982-03-23','22','1982-10-02 21:45:21',NULL),
('23',NULL,'1980-09-05','23','1982-11-01 07:26:06',NULL),
('24',NULL,'1990-07-05','24','1973-07-04 08:03:37',NULL),
('25',NULL,'1986-04-06','25','1975-11-28 11:07:31',NULL),
('26',NULL,'2006-06-09','26','1985-09-24 19:26:30',NULL),
('27',NULL,'1982-05-03','27','1983-07-02 21:45:34',NULL),
('28',NULL,'1974-06-09','28','2003-12-05 18:32:40',NULL),
('29',NULL,'2009-01-27','29','2002-04-10 15:32:49',NULL),
('30',NULL,'1977-03-01','30','1993-03-22 14:20:11',NULL),
('31',NULL,'1974-07-20','31','1986-08-12 00:51:50',NULL),
('32',NULL,'1997-10-30','32','1975-06-26 13:58:29',NULL),
('33',NULL,'1991-06-04','33','2009-08-24 12:20:50',NULL),
('34',NULL,'1992-12-31','34','1985-12-08 08:53:32',NULL),
('35',NULL,'2011-03-15','35','2002-06-08 20:41:22',NULL),
('36',NULL,'1971-09-12','36','2015-11-13 21:47:16',NULL),
('37',NULL,'2002-08-19','37','1989-07-27 16:54:38',NULL),
('38',NULL,'1992-04-16','38','2007-09-08 01:58:18',NULL),
('39',NULL,'2002-04-27','39','2014-10-18 14:24:08',NULL),
('40',NULL,'1993-12-25','40','2001-10-06 04:59:32',NULL),
('41',NULL,'1990-02-03','41','2014-05-10 13:27:26',NULL),
('42',NULL,'2010-03-17','42','1977-09-05 10:48:04',NULL),
('43',NULL,'2010-12-11','43','1971-08-30 11:08:23',NULL),
('44',NULL,'1992-04-29','44','1995-11-28 01:55:50',NULL),
('45',NULL,'1974-10-23','45','2010-09-20 19:31:49',NULL),
('46',NULL,'1980-10-12','46','1991-10-21 20:12:48',NULL),
('47',NULL,'2000-04-03','47','2000-09-07 19:01:56',NULL),
('48',NULL,'2017-01-21','48','1980-08-18 03:52:32',NULL),
('49',NULL,'1982-12-18','49','2011-05-31 21:56:15',NULL),
('50',NULL,'1994-10-11','50','1982-06-28 03:01:06',NULL),
('51',NULL,'2011-06-20','51','1986-09-16 00:56:54',NULL),
('52',NULL,'1990-11-02','52','2012-12-03 02:18:18',NULL),
('53',NULL,'1982-10-13','53','1983-10-17 12:39:34',NULL),
('54',NULL,'2009-09-06','54','2005-12-09 23:49:15',NULL),
('55',NULL,'2012-06-29','55','2007-01-11 16:46:12',NULL),
('56',NULL,'1988-11-29','56','1975-11-30 14:44:28',NULL),
('57',NULL,'1998-09-30','57','1975-02-18 21:46:16',NULL),
('58',NULL,'2003-11-12','58','1985-07-05 11:19:38',NULL),
('59',NULL,'1977-08-12','59','1993-06-30 06:56:51',NULL),
('60',NULL,'1974-07-17','60','2000-06-04 14:26:03',NULL),
('61',NULL,'2002-05-23','61','1998-10-04 15:55:42',NULL),
('62',NULL,'1997-01-15','62','1999-01-10 10:45:50',NULL),
('63',NULL,'1990-06-17','63','1976-11-01 02:22:31',NULL),
('64',NULL,'2005-01-23','64','1997-03-18 05:41:38',NULL),
('65',NULL,'1997-04-17','65','2002-05-13 05:15:22',NULL),
('66',NULL,'1989-12-18','66','1973-04-02 07:10:00',NULL),
('67',NULL,'2015-06-08','67','2014-05-11 15:37:22',NULL),
('68',NULL,'2019-01-08','68','2019-12-27 19:08:35',NULL),
('69',NULL,'2013-02-11','69','1974-06-25 15:03:12',NULL),
('70',NULL,'1984-03-24','70','1984-02-10 20:30:39',NULL),
('71',NULL,'1978-07-03','71','1985-05-06 08:27:25',NULL),
('72',NULL,'1997-11-07','72','1994-09-15 22:07:39',NULL),
('73',NULL,'1970-04-09','73','1985-08-25 09:26:43',NULL),
('74',NULL,'1999-05-28','74','2018-07-31 02:37:48',NULL),
('75',NULL,'2008-04-27','75','1978-11-11 18:18:13',NULL),
('76',NULL,'1998-03-21','76','1974-05-03 17:49:41',NULL),
('77',NULL,'1995-02-09','77','1998-01-01 10:18:21',NULL),
('78',NULL,'1994-01-20','78','1998-06-18 19:26:50',NULL),
('79',NULL,'2016-12-09','79','2015-07-27 11:37:55',NULL),
('80',NULL,'1985-05-11','80','1985-03-12 14:08:09',NULL),
('81',NULL,'2015-07-28','81','1979-07-06 22:52:29',NULL),
('82',NULL,'2016-07-26','82','1980-03-22 07:35:49',NULL),
('83',NULL,'2003-07-19','83','1976-06-15 14:42:30',NULL),
('84',NULL,'2017-11-19','84','1984-12-09 18:01:03',NULL),
('85',NULL,'1970-07-26','85','1977-06-25 12:15:47',NULL),
('86',NULL,'2002-09-21','86','1997-02-02 18:57:04',NULL),
('87',NULL,'1984-09-21','87','1990-05-13 04:43:58',NULL),
('88',NULL,'2008-11-23','88','2004-12-11 10:55:40',NULL),
('89',NULL,'2015-03-06','89','2014-09-05 03:22:46',NULL),
('90',NULL,'1998-05-03','90','2000-07-26 19:31:57',NULL),
('91',NULL,'1979-06-09','91','2005-12-07 17:16:37',NULL),
('92',NULL,'1995-11-28','92','1990-04-07 12:12:16',NULL),
('93',NULL,'2007-06-20','93','2015-03-02 23:07:34',NULL),
('94',NULL,'1974-05-07','94','1999-11-12 13:30:03',NULL),
('95',NULL,'1987-03-23','95','2000-01-09 03:03:27',NULL),
('96',NULL,'2014-02-21','96','1986-10-23 10:45:12',NULL),
('97',NULL,'1999-03-06','97','2002-10-20 09:01:58',NULL),
('98',NULL,'1978-06-12','98','2016-04-29 20:08:00',NULL),
('99',NULL,'2008-03-20','99','1990-03-04 20:51:57',NULL),
('100',NULL,'2003-07-30','100','1977-03-25 09:12:43',NULL); 


DROP TABLE IF EXISTS `users`;
CREATE TABLE `users` (
  `id` bigint(20) unsigned NOT NULL AUTO_INCREMENT,
  `firstname` varchar(50) COLLATE utf8_unicode_ci DEFAULT NULL,
  `lastname` varchar(50) COLLATE utf8_unicode_ci DEFAULT NULL COMMENT 'Фамилия',
  `email` varchar(120) COLLATE utf8_unicode_ci DEFAULT NULL,
  `phone` bigint(20) DEFAULT NULL,
  PRIMARY KEY (`id`),
  UNIQUE KEY `email` (`email`),
  KEY `users_phone_idx` (`phone`),
  KEY `users_firstname_lastname_idx` (`firstname`,`lastname`)
) ENGINE=InnoDB AUTO_INCREMENT=101 DEFAULT CHARSET=utf8 COLLATE=utf8_unicode_ci COMMENT='Пользователь';

INSERT INTO `users` VALUES ('1','Margaret','Gerhold','hilll.troy@example.com','1'),
('2','Ronaldo','Fritsch','molson@example.org','595830'),
('3','Alford','Larson','torphy.ola@example.net','606'),
('4','Pink','Lesch','bailey.carmel@example.com','5278426062'),
('5','Lempi','Predovic','hintz.caterina@example.net','318'),
('6','Mona','Cronin','elaina95@example.com','390'),
('7','Rosanna','Schmeler','cassin.cole@example.com','0'),
('8','Winfield','Batz','nils58@example.com','0'),
('9','Lila','Shields','madisen21@example.com','844375'),
('10','Pamela','Abshire','vhartmann@example.net','22'),
('11','Richmond','Welch','demond.gutmann@example.com','0'),
('12','Ian','Lang','aframi@example.com','175120'),
('13','Arthur','Shanahan','dgulgowski@example.com','43'),
('14','Drake','Moore','jimmie80@example.net','82950825'),
('15','Jennifer','Lesch','katelyn.walker@example.org','0'),
('16','Felicia','Breitenberg','fatima72@example.org','7641647335'),
('17','Greyson','Schiller','myrna.kuhic@example.com','44'),
('18','Idella','Brekke','ruthie.wyman@example.org','93'),
('19','Roxanne','Flatley','wrutherford@example.net','0'),
('20','Muhammad','Tremblay','armani.stroman@example.net','677'),
('21','Mario','Powlowski','kayleigh79@example.net','0'),
('22','Norene','Bayer','willy.hackett@example.org','993134'),
('23','Therese','Hane','makenna84@example.org','5344091982'),
('24','Mike','Jakubowski','rick53@example.com','65925'),
('25','Philip','Pagac','herman.russel@example.net','602'),
('26','Lucinda','Parisian','gkoch@example.org','59'),
('27','Loren','Mante','quentin.mraz@example.org','239'),
('28','Linnie','Douglas','hwisoky@example.com','0'),
('29','Kaden','Effertz','dfeil@example.org','1'),
('30','Kassandra','Bosco','dimitri.swaniawski@example.org','1'),
('31','Juana','Bernier','jlynch@example.com','232'),
('32','Christelle','Kuhlman','sipes.enrico@example.org','93'),
('33','Santino','Swaniawski','okris@example.org','84'),
('34','Julie','Heidenreich','parker.noemie@example.com','967'),
('35','Tobin','Volkman','nicklaus.beier@example.org','335126'),
('36','Breana','Sawayn','schaefer.oma@example.org','1'),
('37','River','Jakubowski','vmarvin@example.com','574610'),
('38','Lyla','McCullough','qgleason@example.com','0'),
('39','Deshaun','Boyer','eboyer@example.net','107000'),
('40','Johnnie','Ernser','wveum@example.com','814'),
('41','Ayana','Rempel','chance.spencer@example.org','9442452331'),
('42','Mozelle','Bradtke','ccremin@example.net','52'),
('43','Asa','Koch','koss.armani@example.com','963682'),
('44','Jovanny','Hansen','blabadie@example.org','0'),
('45','Jaylon','Crist','carole68@example.net','0'),
('46','Lillian','Hilll','qmcdermott@example.net','1'),
('47','Cullen','Heidenreich','alec34@example.net','143'),
('48','Brant','Purdy','olson.wilmer@example.org','477'),
('49','Charity','Tremblay','polly93@example.org','260'),
('50','Fleta','Hammes','odickinson@example.com','406085'),
('51','Orie','Schaden','ines.hahn@example.org','15618'),
('52','Maye','Nicolas','gloria49@example.com','0'),
('53','Rudy','Tillman','albin02@example.net','613'),
('54','Barry','Langworth','lebsack.rae@example.net','1'),
('55','Wilson','Jast','lauer@example.org','0'),
('56','Katelynn','Klocko','keith85@example.org','6327048501'),
('57','Eulah','Treutel','armstrong.precious@example.org','0'),
('58','Ray','Hessel','alene.emmerich@example.net','5871237409'),
('59','Beryl','Kirlin','pagac.alexis@example.net','447'),
('60','Judson','Hudson','jeromy.abshire@example.com','0'),
('61','Ciara','Cruickshank','gwalsh@example.com','2340'),
('62','Chesley','Swift','esta.stark@example.net','23716'),
('63','Ursula','Mueller','jacques90@example.com','88'),
('64','Raquel','Predovic','heath.wilderman@example.org','121'),
('65','Audrey','Gerlach','iliana.hagenes@example.com','48'),
('66','Nikki','Lind','hassan.gutkowski@example.net','900700'),
('67','Alessandro','Goldner','francis.kassulke@example.org','1'),
('68','Itzel','Anderson','laurie.tillman@example.com','67'),
('69','Bell','Bode','dgleason@example.net','64'),
('70','Shannon','Dare','evangeline.wolf@example.com','496410'),
('71','Mohammed','Kling','blick.andrew@example.org','798'),
('72','Cassandra','Smith','runolfsdottir.ursula@example.com','360'),
('73','Jared','Waters','hintz.minerva@example.com','87'),
('74','Dejon','Bode','estell.simonis@example.com','9132569202'),
('75','Jairo','Batz','beaulah.ruecker@example.com','0'),
('76','Immanuel','Bernier','heidi.skiles@example.com','50'),
('77','Sterling','O\'Connell','haleigh39@example.com','1'),
('78','Linnea','Kertzmann','wlueilwitz@example.com','0'),
('79','Cortez','Williamson','cwest@example.com','481'),
('80','Israel','Rempel','qbalistreri@example.org','1'),
('81','Maxine','Schmitt','hazle.cormier@example.net','0'),
('82','Lucile','Brown','emelie97@example.com','684987'),
('83','Dayton','Miller','lesch.destin@example.com','1'),
('84','Teagan','Walsh','angelica69@example.com','0'),
('85','Heaven','Mertz','donnelly.savannah@example.com','180282'),
('86','Mossie','Hoppe','julien18@example.net','1'),
('87','Trudie','Ryan','colleen96@example.com','465752'),
('88','Mayra','Grady','kbeier@example.net','904'),
('89','Carleton','Gerhold','jjohnson@example.net','0'),
('90','Al','Rosenbaum','ifranecki@example.org','514'),
('91','Hanna','Schulist','cassin.danika@example.com','0'),
('92','Vanessa','Larson','christy33@example.com','1'),
('93','Tre','Cummings','kaylee31@example.net','331'),
('94','Aaron','Howe','micaela40@example.com','916'),
('95','Zelda','Jast','sofia46@example.org','244482'),
('96','Ruby','Pagac','max.braun@example.org','1'),
('97','Bernice','Kemmer','ritchie.lois@example.net','75203'),
('98','Demond','Howe','reta.weissnat@example.com','0'),
('99','Lila','Wisozk','lbahringer@example.com','0'),
('100','Elliot','Hansen','hailey.mckenzie@example.org','31'); 


DROP TABLE IF EXISTS `users_communities`;
CREATE TABLE `users_communities` (
  `user_id` bigint(20) unsigned NOT NULL,
  `community_id` bigint(20) unsigned NOT NULL,
  PRIMARY KEY (`user_id`,`community_id`),
  KEY `community_id` (`community_id`),
  CONSTRAINT `users_communities_ibfk_1` FOREIGN KEY (`user_id`) REFERENCES `users` (`id`),
  CONSTRAINT `users_communities_ibfk_2` FOREIGN KEY (`community_id`) REFERENCES `communities` (`id`)
) ENGINE=InnoDB DEFAULT CHARSET=utf8 COLLATE=utf8_unicode_ci COMMENT='Служит для связи между сообществами и пользователями';

INSERT INTO `users_communities` VALUES ('1','1'),
('2','2'),
('3','3'),
('4','4'),
('5','5'),
('6','6'),
('7','7'),
('8','8'),
('9','9'),
('10','10'),
('11','11'),
('12','12'),
('13','13'),
('14','14'),
('15','15'),
('16','16'),
('17','17'),
('18','18'),
('19','19'),
('20','20'),
('21','21'),
('22','22'),
('23','23'),
('24','24'),
('25','25'),
('26','26'),
('27','27'),
('28','28'),
('29','29'),
('30','30'),
('31','31'),
('32','32'),
('33','33'),
('34','34'),
('35','35'),
('36','36'),
('37','37'),
('38','38'),
('39','39'),
('40','40'),
('41','41'),
('42','42'),
('43','43'),
('44','44'),
('45','45'),
('46','46'),
('47','47'),
('48','48'),
('49','49'),
('50','50'),
('51','51'),
('52','52'),
('53','53'),
('54','54'),
('55','55'),
('56','56'),
('57','57'),
('58','58'),
('59','59'),
('60','60'),
('61','61'),
('62','62'),
('63','63'),
('64','64'),
('65','65'),
('66','66'),
('67','67'),
('68','68'),
('69','69'),
('70','70'),
('71','71'),
('72','72'),
('73','73'),
('74','74'),
('75','75'),
('76','76'),
('77','77'),
('78','78'),
('79','79'),
('80','80'),
('81','81'),
('82','82'),
('83','83'),
('84','84'),
('85','85'),
('86','86'),
('87','87'),
('88','88'),
('89','89'),
('90','90'),
('91','91'),
('92','92'),
('93','93'),
('94','94'),
('95','95'),
('96','96'),
('97','97'),
('98','98'),
('99','99'),
('100','100'); 




/*!40101 SET SQL_MODE=@OLD_SQL_MODE */;
/*!40014 SET FOREIGN_KEY_CHECKS=@OLD_FOREIGN_KEY_CHECKS */;
/*!40014 SET UNIQUE_CHECKS=@OLD_UNIQUE_CHECKS */;
/*!40101 SET CHARACTER_SET_CLIENT=@OLD_CHARACTER_SET_CLIENT */;
/*!40101 SET CHARACTER_SET_RESULTS=@OLD_CHARACTER_SET_RESULTS */;
/*!40101 SET COLLATION_CONNECTION=@OLD_COLLATION_CONNECTION */;
/*!40111 SET SQL_NOTES=@OLD_SQL_NOTES */;

